[
  {
    "value": "absolute",
    "synonyms": [
      "absolute"
    ]
  },
  {
    "value": "absolute privilege",
    "synonyms": [
      "absolute privilege"
    ]
  },
  {
    "value": "absolute privileged",
    "synonyms": [
      "absolute privileged"
    ]
  },
  {
    "value": "absolute privilege defence",
    "synonyms": [
      "absolute privilege defence"
    ]
  },
  {
    "value": "absolute defence",
    "synonyms": [
      "absolute defence"
    ]
  },
  {
    "value": "absolutely privileged",
    "synonyms": [
      "absolutely privileged"
    ]
  },
  {
    "value": "absolute defense",
    "synonyms": [
      "absolute defense"
    ]
  },
  {
    "value": "absolute privilege defense",
    "synonyms": [
      "absolute privilege defense"
    ]
  }
]