[
  {
    "value": "fair comment defence",
    "synonyms": [
      "fair comment defence"
    ]
  },
  {
    "value": "fair comment",
    "synonyms": [
      "fair comment"
    ]
  },
  {
    "value": "comment defense",
    "synonyms": [
      "comment defense"
    ]
  },
  {
    "value": "fair defence",
    "synonyms": [
      "fair defence"
    ]
  },
  {
    "value": "fair comment defense",
    "synonyms": [
      "fair comment defense"
    ]
  },
  {
    "value": "fair defense",
    "synonyms": [
      "fair defense"
    ]
  },
  {
    "value": "comment defence",
    "synonyms": [
      "comment defence"
    ]
  }
]