[
  {
    "value": "Absolute Discharge",
    "synonyms": [
      "Absolute Discharge"
    ]
  },
  {
    "value": "Accused",
    "synonyms": [
      "Accused"
    ]
  },
  {
    "value": "Act",
    "synonyms": [
      "Act"
    ]
  },
  {
    "value": "Action",
    "synonyms": [
      "Action"
    ]
  },
  {
    "value": "Adjournment",
    "synonyms": [
      "Adjournment"
    ]
  },
  {
    "value": "Affidavit",
    "synonyms": [
      "Affidavit"
    ]
  },
  {
    "value": "Affidavit of Service",
    "synonyms": [
      "Affidavit of Service"
    ]
  },
  {
    "value": "Amicus Curiae",
    "synonyms": [
      "Amicus Curiae"
    ]
  },
  {
    "value": "Appeal Book",
    "synonyms": [
      "Appeal Book"
    ]
  },
  {
    "value": "Appellant",
    "synonyms": [
      "Appellant"
    ]
  },
  {
    "value": "Application",
    "synonyms": [
      "Application"
    ]
  },
  {
    "value": "Argument",
    "synonyms": [
      "Argument"
    ]
  },
  {
    "value": "Arraignment",
    "synonyms": [
      "Arraignment"
    ]
  },
  {
    "value": "Assize",
    "synonyms": [
      "Assize"
    ]
  },
  {
    "value": "Bail",
    "synonyms": [
      "Bail"
    ]
  },
  {
    "value": "Bar",
    "synonyms": [
      "Bar"
    ]
  },
  {
    "value": "Case Conference",
    "synonyms": [
      "Case Conference"
    ]
  },
  {
    "value": "Caveat",
    "synonyms": [
      "Caveat"
    ]
  },
  {
    "value": "Certiorari",
    "synonyms": [
      "Certiorari"
    ]
  },
  {
    "value": "Civil Case",
    "synonyms": [
      "Civil Case"
    ]
  },
  {
    "value": "Common Law",
    "synonyms": [
      "Common Law"
    ]
  },
  {
    "value": "Concurrent Sentence",
    "synonyms": [
      "Concurrent Sentence"
    ]
  },
  {
    "value": "Conditional Discharge",
    "synonyms": [
      "Conditional Discharge"
    ]
  },
  {
    "value": "Conditional Sentence",
    "synonyms": [
      "Conditional Sentence"
    ]
  },
  {
    "value": "Consecutive Sentence",
    "synonyms": [
      "Consecutive Sentence"
    ]
  },
  {
    "value": "Contested",
    "synonyms": [
      "Contested"
    ]
  },
  {
    "value": "Conviction",
    "synonyms": [
      "Conviction"
    ]
  },
  {
    "value": "Coram",
    "synonyms": [
      "Coram"
    ]
  },
  {
    "value": "Costs",
    "synonyms": [
      "Costs"
    ]
  },
  {
    "value": "Counsel",
    "synonyms": [
      "Counsel"
    ]
  },
  {
    "value": "Defendant",
    "synonyms": [
      "Defendant"
    ]
  },
  {
    "value": "Disposition",
    "synonyms": [
      "Disposition"
    ]
  },
  {
    "value": "Docket",
    "synonyms": [
      "Docket"
    ]
  },
  {
    "value": "Ex Parte",
    "synonyms": [
      "Ex Parte"
    ]
  },
  {
    "value": "Exhibit",
    "synonyms": [
      "Exhibit"
    ]
  },
  {
    "value": "Factum",
    "synonyms": [
      "Factum"
    ]
  },
  {
    "value": "General Damages",
    "synonyms": [
      "General Damages"
    ]
  },
  {
    "value": "Habeas Corpus",
    "synonyms": [
      "Habeas Corpus"
    ]
  },
  {
    "value": "Imputation",
    "synonyms": [
      "Imputation"
    ]
  },
  {
    "value": "Impute",
    "synonyms": [
      "Impute"
    ]
  },
  {
    "value": "Indictable Offence",
    "synonyms": [
      "Indictable Offence"
    ]
  },
  {
    "value": "Indictment",
    "synonyms": [
      "Indictment"
    ]
  },
  {
    "value": "Information",
    "synonyms": [
      "Information"
    ]
  },
  {
    "value": "Injunction",
    "synonyms": [
      "Injunction"
    ]
  },
  {
    "value": "Interim Order",
    "synonyms": [
      "Interim Order"
    ]
  },
  {
    "value": "Judgment",
    "synonyms": [
      "Judgment"
    ]
  },
  {
    "value": "Jurisdiction",
    "synonyms": [
      "Jurisdiction"
    ]
  },
  {
    "value": "Justice of the Peace",
    "synonyms": [
      "Justice of the Peace"
    ]
  },
  {
    "value": "Leave",
    "synonyms": [
      "Leave"
    ]
  },
  {
    "value": "Mandamus",
    "synonyms": [
      "Mandamus"
    ]
  },
  {
    "value": "Master",
    "synonyms": [
      "Master"
    ]
  },
  {
    "value": "Motion",
    "synonyms": [
      "Motion"
    ]
  },
  {
    "value": "Offence",
    "synonyms": [
      "Offence"
    ]
  },
  {
    "value": "Order",
    "synonyms": [
      "Order"
    ]
  },
  {
    "value": "Pardon",
    "synonyms": [
      "Pardon"
    ]
  },
  {
    "value": "Particulars",
    "synonyms": [
      "Particulars"
    ]
  },
  {
    "value": "Party",
    "synonyms": [
      "Party"
    ]
  },
  {
    "value": "Party and Party Costs",
    "synonyms": [
      "Party and Party Costs"
    ]
  },
  {
    "value": "Per Curiam",
    "synonyms": [
      "Per Curiam"
    ]
  },
  {
    "value": "Petition",
    "synonyms": [
      "Petition"
    ]
  },
  {
    "value": "Plaintiff",
    "synonyms": [
      "Plaintiff"
    ]
  },
  {
    "value": "Pleadings",
    "synonyms": [
      "Pleadings"
    ]
  },
  {
    "value": "Point of Law",
    "synonyms": [
      "Point of Law"
    ]
  },
  {
    "value": "Pre-Trial Conference",
    "synonyms": [
      "Pre-Trial Conference"
    ]
  },
  {
    "value": "Preliminary Inquiry",
    "synonyms": [
      "Preliminary Inquiry"
    ]
  },
  {
    "value": "Prima Facie",
    "synonyms": [
      "Prima Facie"
    ]
  },
  {
    "value": "Private prosecution",
    "synonyms": [
      "Private prosecution"
    ]
  },
  {
    "value": "Pro Bono",
    "synonyms": [
      "Pro Bono"
    ]
  },
  {
    "value": "Probate",
    "synonyms": [
      "Probate"
    ]
  },
  {
    "value": "Probation",
    "synonyms": [
      "Probation"
    ]
  },
  {
    "value": "Prohibition",
    "synonyms": [
      "Prohibition"
    ]
  },
  {
    "value": "Puisne Judge",
    "synonyms": [
      "Puisne Judge"
    ]
  },
  {
    "value": "Quash",
    "synonyms": [
      "Quash"
    ]
  },
  {
    "value": "R. v. name",
    "synonyms": [
      "R. v. name"
    ]
  },
  {
    "value": "Recognizance",
    "synonyms": [
      "Recognizance"
    ]
  },
  {
    "value": "Record of Proceedings",
    "synonyms": [
      "Record of Proceedings"
    ]
  },
  {
    "value": "Registrar",
    "synonyms": [
      "Registrar"
    ]
  },
  {
    "value": "Regulation",
    "synonyms": [
      "Regulation"
    ]
  },
  {
    "value": "Remand",
    "synonyms": [
      "Remand"
    ]
  },
  {
    "value": "Respondent",
    "synonyms": [
      "Respondent"
    ]
  },
  {
    "value": "Rule of Law",
    "synonyms": [
      "Rule of Law"
    ]
  },
  {
    "value": "Rules of Court",
    "synonyms": [
      "Rules of Court"
    ]
  },
  {
    "value": "Service",
    "synonyms": [
      "Service"
    ]
  },
  {
    "value": "Sheriff",
    "synonyms": [
      "Sheriff"
    ]
  },
  {
    "value": "Short Leave",
    "synonyms": [
      "Short Leave"
    ]
  },
  {
    "value": "Sine die",
    "synonyms": [
      "Sine die"
    ]
  },
  {
    "value": "Solicitor and Client Costs",
    "synonyms": [
      "Solicitor and Client Costs"
    ]
  },
  {
    "value": "Special Damages",
    "synonyms": [
      "Special Damages"
    ]
  },
  {
    "value": "Stare Decisis",
    "synonyms": [
      "Stare Decisis"
    ]
  },
  {
    "value": "Statement of Claim",
    "synonyms": [
      "Statement of Claim"
    ]
  },
  {
    "value": "Statement of Defence",
    "synonyms": [
      "Statement of Defence"
    ]
  },
  {
    "value": "Statute",
    "synonyms": [
      "Statute"
    ]
  },
  {
    "value": "Submission",
    "synonyms": [
      "Submission"
    ]
  },
  {
    "value": "Subpoena",
    "synonyms": [
      "Subpoena"
    ]
  },
  {
    "value": "Summary Conviction Offence",
    "synonyms": [
      "Summary Conviction Offence"
    ]
  },
  {
    "value": "Summons",
    "synonyms": [
      "Summons"
    ]
  },
  {
    "value": "Surety",
    "synonyms": [
      "Surety"
    ]
  },
  {
    "value": "Suspended Sentence",
    "synonyms": [
      "Suspended Sentence"
    ]
  },
  {
    "value": "Tariff",
    "synonyms": [
      "Tariff"
    ]
  },
  {
    "value": "Title of Proceedings",
    "synonyms": [
      "Title of Proceedings"
    ]
  },
  {
    "value": "Transcript",
    "synonyms": [
      "Transcript"
    ]
  },
  {
    "value": "Viva Voce Evidence",
    "synonyms": [
      "Viva Voce Evidence"
    ]
  },
  {
    "value": "Voir Dire",
    "synonyms": [
      "Voir Dire"
    ]
  },
  {
    "value": "Warrant",
    "synonyms": [
      "Warrant"
    ]
  },
  {
    "value": "Writ",
    "synonyms": [
      "Writ"
    ]
  },
  {
    "value": "libel",
    "synonyms": [
      "libel"
    ]
  },
  {
    "value": "slander",
    "synonyms": [
      "slander"
    ]
  },
  {
    "value": "privilege",
    "synonyms": [
      "privilege"
    ]
  },
  {
    "value": "defamation",
    "synonyms": [
      "defamation"
    ]
  }
]