[
  {
    "value": "responsible communication",
    "synonyms": [
      "responsible communication"
    ]
  },
  {
    "value": "responsible communication on matters of public interest defence",
    "synonyms": [
      "responsible communication on matters of public interest defence"
    ]
  },
  {
    "value": "responsible communication on matters of public interest defense",
    "synonyms": [
      "responsible communication on matters of public interest defense"
    ]
  },
  {
    "value": "responsible communication defense",
    "synonyms": [
      "responsible communication defense"
    ]
  },
  {
    "value": "responsible communication defence",
    "synonyms": [
      "responsible communication defence"
    ]
  },
  {
    "value": "responsible communication on matters of public interest",
    "synonyms": [
      "responsible communication on matters of public interest"
    ]
  }
]