[
  {
    "value": "qualified privilege defence",
    "synonyms": [
      "qualified privilege defence"
    ]
  },
  {
    "value": "qualified privilege",
    "synonyms": [
      "qualified privilege"
    ]
  },
  {
    "value": "qualified defense",
    "synonyms": [
      "qualified defense"
    ]
  },
  {
    "value": "qualified privileged",
    "synonyms": [
      "qualified privileged"
    ]
  },
  {
    "value": "qualified",
    "synonyms": [
      "qualified"
    ]
  },
  {
    "value": "qualified privilege defense",
    "synonyms": [
      "qualified privilege defense"
    ]
  },
  {
    "value": "qualified defence",
    "synonyms": [
      "qualified defence"
    ]
  }
]