[
  {
    "value": "truth",
    "synonyms": [
      "truth"
    ]
  },
  {
    "value": "truth defence",
    "synonyms": [
      "truth defence"
    ]
  },
  {
    "value": "truth also known as justification",
    "synonyms": [
      "truth also known as justification"
    ]
  },
  {
    "value": "truth defense",
    "synonyms": [
      "truth defense"
    ]
  },
  {
    "value": "truth or justification",
    "synonyms": [
      "truth or justification"
    ]
  },
  {
    "value": "justification",
    "synonyms": [
      "justification"
    ]
  },
  {
    "value": "justification defence",
    "synonyms": [
      "justification defence"
    ]
  },
  {
    "value": "justification defense",
    "synonyms": [
      "justification defense"
    ]
  }
]