[
  {
    "id": "716dec71-205b-4063-b118-d98ef6faa303",
    "data": [
      {
        "text": "start again",
        "userDefined": false
      }
    ],
    "isTemplate": false,
    "count": 0,
    "updated": 1507769073
  },
  {
    "id": "b2e03569-1a5f-4383-9e92-c765f0cf6332",
    "data": [
      {
        "text": "restart",
        "userDefined": false
      }
    ],
    "isTemplate": false,
    "count": 0,
    "updated": 1507769073
  },
  {
    "id": "d5c1bb5f-8fcb-4608-9b23-e92cac71db6a",
    "data": [
      {
        "text": "lets begin",
        "userDefined": false
      }
    ],
    "isTemplate": false,
    "count": 0,
    "updated": 1507759538
  }
]