[
  {
    "id": "40aac216-23af-45e9-ad93-ccd1f2eb5da3",
    "data": [
      {
        "text": "not yet",
        "userDefined": false
      }
    ],
    "isTemplate": false,
    "count": 1,
    "updated": 1508178366
  },
  {
    "id": "63def7a8-ff56-4d3e-ad96-ad0f0f237d19",
    "data": [
      {
        "text": "nope",
        "userDefined": false
      }
    ],
    "isTemplate": false,
    "count": 0,
    "updated": 0
  },
  {
    "id": "3bda0b63-bb9e-4899-a829-d37ba839ccd1",
    "data": [
      {
        "text": "I haven\u0027t been sued",
        "userDefined": false
      }
    ],
    "isTemplate": false,
    "count": 0,
    "updated": 0
  },
  {
    "id": "a08c9c46-2d33-4f53-9d5a-426393e06651",
    "data": [
      {
        "text": "nah",
        "userDefined": false
      }
    ],
    "isTemplate": false,
    "count": 0,
    "updated": 0
  },
  {
    "id": "0b98f6f1-8aa1-43c1-a858-026ae5fd0eb6",
    "data": [
      {
        "text": "I have not been sued",
        "userDefined": false
      }
    ],
    "isTemplate": false,
    "count": 0,
    "updated": 0
  },
  {
    "id": "a81bca8b-7ad2-4378-a8f1-4b989eeaead8",
    "data": [
      {
        "text": "I haven\u0027t",
        "userDefined": false
      }
    ],
    "isTemplate": false,
    "count": 0,
    "updated": 0
  },
  {
    "id": "69f11004-6770-4c06-8a05-869400de7790",
    "data": [
      {
        "text": "I wasn\u0027t sued",
        "userDefined": false
      }
    ],
    "isTemplate": false,
    "count": 0,
    "updated": 0
  },
  {
    "id": "3841b192-cadd-426a-9a1b-177de88f7407",
    "data": [
      {
        "text": "no",
        "userDefined": false
      }
    ],
    "isTemplate": false,
    "count": 0,
    "updated": 0
  }
]