[
  {
    "id": "cfe269bb-35f3-42fe-b453-b48927417379",
    "data": [
      {
        "text": "Yesterday",
        "alias": "notification-date",
        "meta": "@sys.date",
        "userDefined": true
      }
    ],
    "isTemplate": false,
    "count": 0,
    "updated": 1507761473
  },
  {
    "id": "383ed8c2-ca79-4e0e-8f73-81387e1c09c0",
    "data": [
      {
        "text": "I have been sued",
        "userDefined": false
      }
    ],
    "isTemplate": false,
    "count": 0,
    "updated": 1507761473
  },
  {
    "id": "2a3ed895-6361-4c43-afee-0facd7e2de58",
    "data": [
      {
        "text": "I was sued on ",
        "userDefined": false
      },
      {
        "text": "Oct 14, 2017",
        "alias": "notification-date",
        "meta": "@sys.date",
        "userDefined": true
      }
    ],
    "isTemplate": false,
    "count": 0,
    "updated": 1507761473
  },
  {
    "id": "8e9238ae-c773-4431-8b27-898f962a3d11",
    "data": [
      {
        "text": "I have been",
        "userDefined": false
      }
    ],
    "isTemplate": false,
    "count": 0,
    "updated": 1507761473
  },
  {
    "id": "dbc4aa1b-a015-4279-9399-3da195654a07",
    "data": [
      {
        "text": "yes",
        "userDefined": false
      }
    ],
    "isTemplate": false,
    "count": 0,
    "updated": 1507761473
  },
  {
    "id": "90dc8962-100c-44e6-8c58-ae1e4628c730",
    "data": [
      {
        "text": "I am being sued by ",
        "userDefined": false
      },
      {
        "text": "William Esquire LLC",
        "alias": "prosecution",
        "meta": "@sys.any",
        "userDefined": true
      },
      {
        "text": ".",
        "userDefined": false
      }
    ],
    "isTemplate": false,
    "count": 0,
    "updated": 1507761473
  },
  {
    "id": "20f5eac3-5534-4ea8-a52c-36680e81b9c2",
    "data": [
      {
        "text": "Bob Williams",
        "alias": "prosecution",
        "meta": "@sys.any",
        "userDefined": true
      },
      {
        "text": " is suing me",
        "userDefined": false
      }
    ],
    "isTemplate": false,
    "count": 0,
    "updated": 1507761473
  },
  {
    "id": "e7db5d78-aa4d-4d61-add4-20b7f89e3e4c",
    "data": [
      {
        "text": "yes, I was sued",
        "userDefined": false
      }
    ],
    "isTemplate": false,
    "count": 0,
    "updated": 1507761473
  },
  {
    "id": "4798ab74-1f88-40ad-aef0-7fa4c19f3442",
    "data": [
      {
        "text": "yes, I was notified on ",
        "userDefined": false
      },
      {
        "text": "September 13th",
        "alias": "notification-date",
        "meta": "@sys.date",
        "userDefined": true
      },
      {
        "text": ".",
        "userDefined": false
      }
    ],
    "isTemplate": false,
    "count": 0,
    "updated": 1507761473
  },
  {
    "id": "d52c54aa-cc20-4b91-9774-578e5f427f75",
    "data": [
      {
        "text": "I was sued",
        "userDefined": false
      }
    ],
    "isTemplate": false,
    "count": 0,
    "updated": 1507761473
  },
  {
    "id": "771a937b-bb9a-4536-b25a-70a5bb6cde1d",
    "data": [
      {
        "text": "I was sued by ",
        "userDefined": false
      },
      {
        "text": "Frank",
        "alias": "prosecution",
        "meta": "@sys.any",
        "userDefined": true
      }
    ],
    "isTemplate": false,
    "count": 0,
    "updated": 1507761473
  }
]