[
  {
    "id": "0bfde2e8-ce1e-43cc-b14b-9248c7d3e3d9",
    "data": [
      {
        "text": "I have proof",
        "userDefined": false
      }
    ],
    "isTemplate": false,
    "count": 0,
    "updated": 0
  },
  {
    "id": "28bee155-5421-48b4-9ca1-da890637f765",
    "data": [
      {
        "text": "yes I have evidence",
        "userDefined": false
      }
    ],
    "isTemplate": false,
    "count": 0,
    "updated": 0
  },
  {
    "id": "c27b0a6b-3f2d-4b7e-9705-e164848fdb37",
    "data": [
      {
        "text": "yes",
        "userDefined": false
      }
    ],
    "isTemplate": false,
    "count": 0,
    "updated": 0
  },
  {
    "id": "146e6392-d289-43f7-a7a1-c8b85e64cf9d",
    "data": [
      {
        "text": "I have evidence",
        "userDefined": false
      }
    ],
    "isTemplate": false,
    "count": 0,
    "updated": 0
  }
]