[
  {
    "id": "3a8fb30d-50aa-49a4-a7f6-b42d2d260f0a",
    "data": [
      {
        "text": "there isn\u0027t any proof",
        "userDefined": false
      }
    ],
    "isTemplate": false,
    "count": 0,
    "updated": 0
  },
  {
    "id": "8a9201a3-bfb6-4741-8174-86ec059640df",
    "data": [
      {
        "text": "no evidence",
        "userDefined": false
      }
    ],
    "isTemplate": false,
    "count": 0,
    "updated": 0
  },
  {
    "id": "ee6d6b81-61a8-4a4f-86d5-5fe1f8feb770",
    "data": [
      {
        "text": "nope",
        "userDefined": false
      }
    ],
    "isTemplate": false,
    "count": 0,
    "updated": 0
  },
  {
    "id": "e9315ddc-c691-4e87-af95-626b4d9c15be",
    "data": [
      {
        "text": "there\u0027s no proof",
        "userDefined": false
      }
    ],
    "isTemplate": false,
    "count": 0,
    "updated": 0
  },
  {
    "id": "3997512f-6926-4203-9dc4-2265a17a116d",
    "data": [
      {
        "text": "nothing",
        "userDefined": false
      }
    ],
    "isTemplate": false,
    "count": 1,
    "updated": 0
  },
  {
    "id": "ac32b110-780c-4b16-ae8d-0505adc0f7f8",
    "data": [
      {
        "text": "no",
        "userDefined": false
      }
    ],
    "isTemplate": false,
    "count": 0,
    "updated": 0
  },
  {
    "id": "e1f85e86-7bcc-4307-904e-64bf8e73b247",
    "data": [
      {
        "text": "I don\u0027t have evidence",
        "userDefined": false
      }
    ],
    "isTemplate": false,
    "count": 0,
    "updated": 0
  }
]