[
  {
    "id": "3869b24c-7de2-4369-acce-1d2b812e5bcb",
    "data": [
      {
        "text": "it\u0027s true",
        "userDefined": false
      }
    ],
    "isTemplate": false,
    "count": 0,
    "updated": 1507765422
  },
  {
    "id": "0a04313d-189f-4fda-9cd4-8f9feebcc79f",
    "data": [
      {
        "text": "it was all true",
        "userDefined": false
      }
    ],
    "isTemplate": false,
    "count": 0,
    "updated": 1507765422
  },
  {
    "id": "c5244f5f-6d38-488b-80a0-39180b64e657",
    "data": [
      {
        "text": "yes",
        "userDefined": false
      }
    ],
    "isTemplate": false,
    "count": 0,
    "updated": 0
  },
  {
    "id": "ceeb98b7-7262-4715-a99e-21493ce45467",
    "data": [
      {
        "text": "yes it was truth",
        "userDefined": false
      }
    ],
    "isTemplate": false,
    "count": 0,
    "updated": 1507765422
  }
]