[
  {
    "id": "e8c8fec6-c6ae-46d5-a1cc-9d1a93b1fd33",
    "data": [
      {
        "text": "it wasn\u0027t true",
        "userDefined": false
      }
    ],
    "isTemplate": false,
    "count": 0,
    "updated": 0
  },
  {
    "id": "08100f5e-f8eb-41c3-a9c6-aa63fdb0d29b",
    "data": [
      {
        "text": "nope",
        "userDefined": false
      }
    ],
    "isTemplate": false,
    "count": 0,
    "updated": 0
  },
  {
    "id": "9f75d9ed-be1b-4010-960c-27f1c2dbd25c",
    "data": [
      {
        "text": "no",
        "userDefined": false
      }
    ],
    "isTemplate": false,
    "count": 0,
    "updated": 0
  }
]