[
  {
    "id": "9800449b-80f4-401b-b2ef-d2d6c77964e2",
    "data": [
      {
        "text": "I was in a privileged role",
        "userDefined": false
      }
    ],
    "isTemplate": false,
    "count": 0,
    "updated": 0
  },
  {
    "id": "cd55b953-6386-49bb-b14a-05e2ee393368",
    "data": [
      {
        "text": "I was in parliament",
        "userDefined": false
      }
    ],
    "isTemplate": false,
    "count": 1,
    "updated": 0
  },
  {
    "id": "4450b6e8-5fce-433c-834b-485a13c7db14",
    "data": [
      {
        "text": "i was in a court room",
        "userDefined": false
      }
    ],
    "isTemplate": false,
    "count": 0,
    "updated": 0
  },
  {
    "id": "d71d8534-1aa4-4af7-8de5-030b40891874",
    "data": [
      {
        "text": "I had absolute privilege",
        "userDefined": false
      }
    ],
    "isTemplate": false,
    "count": 0,
    "updated": 0
  },
  {
    "id": "a553102e-df38-48bf-a43b-8947509c2154",
    "data": [
      {
        "text": "Yes",
        "userDefined": false
      }
    ],
    "isTemplate": false,
    "count": 0,
    "updated": 0
  }
]