[
  {
    "id": "c8688a03-e25e-4dcb-8f77-312f18f2017d",
    "data": [
      {
        "text": "it wasn\u0027t qualified privilege",
        "userDefined": false
      }
    ],
    "isTemplate": false,
    "count": 0,
    "updated": 0
  },
  {
    "id": "a33239d5-b53d-48a8-8f9f-921846a6de82",
    "data": [
      {
        "text": "it wasn\u0027t qualified",
        "userDefined": false
      }
    ],
    "isTemplate": false,
    "count": 0,
    "updated": 0
  },
  {
    "id": "86534435-8a08-4088-80e3-fa79a166d21c",
    "data": [
      {
        "text": "it was not",
        "userDefined": false
      }
    ],
    "isTemplate": false,
    "count": 0,
    "updated": 0
  },
  {
    "id": "4f5e7318-743c-4905-9218-be58d69e882f",
    "data": [
      {
        "text": "it wasn\u0027t",
        "userDefined": false
      }
    ],
    "isTemplate": false,
    "count": 0,
    "updated": 0
  },
  {
    "id": "df9a4726-4ec6-4a09-ac92-02c9ae4c414c",
    "data": [
      {
        "text": "nope",
        "userDefined": false
      }
    ],
    "isTemplate": false,
    "count": 0,
    "updated": 0
  },
  {
    "id": "3123bd36-3c49-4d4f-bf33-eb193e30608d",
    "data": [
      {
        "text": "no",
        "userDefined": false
      }
    ],
    "isTemplate": false,
    "count": 0,
    "updated": 0
  }
]