[
  {
    "id": "f11f063b-543c-41cd-b95d-d8e82e4304dc",
    "data": [
      {
        "text": "it was",
        "userDefined": false
      }
    ],
    "isTemplate": false,
    "count": 0,
    "updated": 0
  },
  {
    "id": "b621f4df-8139-47b7-b8aa-97e11977cefa",
    "data": [
      {
        "text": "it was qualified privilege",
        "userDefined": false
      }
    ],
    "isTemplate": false,
    "count": 0,
    "updated": 0
  },
  {
    "id": "e084d0a9-887c-472c-8d9c-1f8447919a13",
    "data": [
      {
        "text": "I was qualified",
        "userDefined": false
      }
    ],
    "isTemplate": false,
    "count": 0,
    "updated": 0
  },
  {
    "id": "6918bc19-b26b-4adb-8cc4-b681b3002f5f",
    "data": [
      {
        "text": "yeah",
        "userDefined": false
      }
    ],
    "isTemplate": false,
    "count": 0,
    "updated": 0
  },
  {
    "id": "ce36c3a6-a879-4b70-b729-63f2520b874d",
    "data": [
      {
        "text": "yes",
        "userDefined": false
      }
    ],
    "isTemplate": false,
    "count": 0,
    "updated": 0
  }
]