[
  {
    "id": "4d97ef1d-ed9e-4a20-b5e2-832ebfd06383",
    "data": [
      {
        "text": "nope",
        "userDefined": false
      }
    ],
    "isTemplate": false,
    "count": 1,
    "updated": 0
  },
  {
    "id": "09c96b26-861b-4f7b-ba2f-e79f22882dc2",
    "data": [
      {
        "text": "it was not",
        "userDefined": false
      }
    ],
    "isTemplate": false,
    "count": 0,
    "updated": 0
  },
  {
    "id": "678e98b5-adb2-49a4-8cb7-db0d87f1f497",
    "data": [
      {
        "text": "it wasn\u0027t fair comment",
        "userDefined": false
      }
    ],
    "isTemplate": false,
    "count": 0,
    "updated": 0
  },
  {
    "id": "fb8cee8a-400e-47d4-893f-b697e6e53510",
    "data": [
      {
        "text": "it wasn\u0027t an opinion",
        "userDefined": false
      }
    ],
    "isTemplate": false,
    "count": 0,
    "updated": 0
  },
  {
    "id": "12685882-9c34-4132-8982-9f0cf9af34bc",
    "data": [
      {
        "text": "it wasn\u0027t an editorial",
        "userDefined": false
      }
    ],
    "isTemplate": false,
    "count": 0,
    "updated": 0
  },
  {
    "id": "527a1a32-7df6-4b84-9de5-7e5d0b430736",
    "data": [
      {
        "text": "it wasn\u0027t",
        "userDefined": false
      }
    ],
    "isTemplate": false,
    "count": 0,
    "updated": 0
  },
  {
    "id": "3e2f308f-1011-4dca-a3de-11c0ec75f5d8",
    "data": [
      {
        "text": "no",
        "userDefined": false
      }
    ],
    "isTemplate": false,
    "count": 0,
    "updated": 0
  }
]