[
  {
    "id": "17e15587-7b03-4a6d-be15-14b4233bc8ce",
    "data": [
      {
        "text": "absolutely",
        "userDefined": false
      }
    ],
    "isTemplate": false,
    "count": 1,
    "updated": 0
  },
  {
    "id": "99dcc89e-bbbe-47a0-a132-3f81d7c69b0c",
    "data": [
      {
        "text": "correct",
        "userDefined": false
      }
    ],
    "isTemplate": false,
    "count": 0,
    "updated": 0
  },
  {
    "id": "5856d1ab-b228-47a2-84e7-db57b4cd85be",
    "data": [
      {
        "text": "it was",
        "userDefined": false
      }
    ],
    "isTemplate": false,
    "count": 0,
    "updated": 0
  },
  {
    "id": "6ac6cb8c-ab36-4232-b527-2d7a95c10dde",
    "data": [
      {
        "text": "it was my opinion",
        "userDefined": false
      }
    ],
    "isTemplate": false,
    "count": 0,
    "updated": 0
  },
  {
    "id": "84747e8d-e519-4e44-9034-bea3781fe88d",
    "data": [
      {
        "text": "it was fair comment",
        "userDefined": false
      }
    ],
    "isTemplate": false,
    "count": 0,
    "updated": 0
  },
  {
    "id": "eac4edaf-ff95-4867-8342-58a5426e5a53",
    "data": [
      {
        "text": "yes",
        "userDefined": false
      }
    ],
    "isTemplate": false,
    "count": 0,
    "updated": 0
  }
]