[
  {
    "id": "e981a41b-3b2e-4a04-bf59-19bda30fe99a",
    "data": [
      {
        "text": "yes it was and I did",
        "userDefined": false
      }
    ],
    "isTemplate": false,
    "count": 1,
    "updated": 0
  },
  {
    "id": "47ff7647-d49c-455a-bbd9-3865dbc7b069",
    "data": [
      {
        "text": "I tried to verify the information",
        "userDefined": false
      }
    ],
    "isTemplate": false,
    "count": 0,
    "updated": 0
  },
  {
    "id": "f393e08b-6267-47af-9e87-2d88b05b0280",
    "data": [
      {
        "text": "it was urgent and I tried to verify the information",
        "userDefined": false
      }
    ],
    "isTemplate": false,
    "count": 0,
    "updated": 0
  },
  {
    "id": "81dc76f9-a973-4791-88a2-14761f121358",
    "data": [
      {
        "text": "it was urgent and I tried to check my facts",
        "userDefined": false
      }
    ],
    "isTemplate": false,
    "count": 0,
    "updated": 0
  },
  {
    "id": "39c0811f-55c7-432c-9a58-25355837a11d",
    "data": [
      {
        "text": "I checked my facts",
        "userDefined": false
      }
    ],
    "isTemplate": false,
    "count": 0,
    "updated": 0
  },
  {
    "id": "e9e16f27-74bb-4364-a486-f7aff700009e",
    "data": [
      {
        "text": "I tried to check my facts",
        "userDefined": false
      }
    ],
    "isTemplate": false,
    "count": 0,
    "updated": 0
  },
  {
    "id": "fe19051b-abf7-4db2-99e6-2f87897257c3",
    "data": [
      {
        "text": "It was urgent",
        "userDefined": false
      }
    ],
    "isTemplate": false,
    "count": 0,
    "updated": 0
  },
  {
    "id": "fc4d2631-cddc-41d3-9232-3e2c4615794a",
    "data": [
      {
        "text": "yes",
        "userDefined": false
      }
    ],
    "isTemplate": false,
    "count": 0,
    "updated": 0
  }
]