[
  {
    "id": "52f88109-f0c2-4879-b599-9012fb95ba22",
    "data": [
      {
        "text": "not applicable",
        "userDefined": false
      }
    ],
    "isTemplate": false,
    "count": 0
  },
  {
    "id": "4fb95750-3a35-4ce9-972e-b10725055f72",
    "data": [
      {
        "text": "no answer",
        "userDefined": false
      }
    ],
    "isTemplate": false,
    "count": 0
  },
  {
    "id": "20a083ff-ca65-43b2-a45f-9d3aeda191c3",
    "data": [
      {
        "text": "na",
        "userDefined": false
      }
    ],
    "isTemplate": false,
    "count": 0
  },
  {
    "id": "924942ff-e3c8-4824-bb3e-71edf6ffe98b",
    "data": [
      {
        "text": "I can\u0027t answer this",
        "userDefined": false
      }
    ],
    "isTemplate": false,
    "count": 0
  },
  {
    "id": "abb03780-32a9-452e-b514-b4d03d479498",
    "data": [
      {
        "text": "this one doesn\u0027t apply",
        "userDefined": false
      }
    ],
    "isTemplate": false,
    "count": 0
  },
  {
    "id": "010a4f24-b840-48f8-b6f0-7c674bc52178",
    "data": [
      {
        "text": "no comment",
        "userDefined": false
      }
    ],
    "isTemplate": false,
    "count": 0
  },
  {
    "id": "db1b2e66-a994-4641-b0ec-ee89d340f424",
    "data": [
      {
        "text": "dunno",
        "userDefined": false
      }
    ],
    "isTemplate": false,
    "count": 0
  },
  {
    "id": "fddb592b-8442-4017-924d-94a33c9e3245",
    "data": [
      {
        "text": "I don\u0027t know",
        "userDefined": false
      }
    ],
    "isTemplate": false,
    "count": 0
  },
  {
    "id": "4749648d-ff87-49ed-b98e-c021ddb16ad0",
    "data": [
      {
        "text": "skip this question",
        "userDefined": false
      }
    ],
    "isTemplate": false,
    "count": 0
  },
  {
    "id": "0c687778-5603-4382-b754-e8efafe5f7ad",
    "data": [
      {
        "text": "skip",
        "userDefined": false
      }
    ],
    "isTemplate": false,
    "count": 0
  }
]