[
  {
    "id": "ee38b2d4-2783-4d7f-a9ab-afcfcf53cf49",
    "data": [
      {
        "text": "not applicable",
        "userDefined": false
      }
    ],
    "isTemplate": false,
    "count": 0
  },
  {
    "id": "381eab87-1a57-4795-b598-08c6d0ef572a",
    "data": [
      {
        "text": "no answer",
        "userDefined": false
      }
    ],
    "isTemplate": false,
    "count": 0
  },
  {
    "id": "a08714d6-17ea-4cb8-96ad-abb55e5328e1",
    "data": [
      {
        "text": "na",
        "userDefined": false
      }
    ],
    "isTemplate": false,
    "count": 0
  },
  {
    "id": "c9177d8d-d304-4367-ab9d-ec9262145e4f",
    "data": [
      {
        "text": "I can\u0027t answer this",
        "userDefined": false
      }
    ],
    "isTemplate": false,
    "count": 0
  },
  {
    "id": "0f7e9b5b-e6b8-4754-809f-67952dfa4276",
    "data": [
      {
        "text": "this one doesn\u0027t apply",
        "userDefined": false
      }
    ],
    "isTemplate": false,
    "count": 0
  },
  {
    "id": "126b73ec-3ed6-495a-8b64-6fce4ba112c2",
    "data": [
      {
        "text": "no comment",
        "userDefined": false
      }
    ],
    "isTemplate": false,
    "count": 0
  },
  {
    "id": "6cf69561-bf10-4dc5-b9ce-178f09a3a3e3",
    "data": [
      {
        "text": "dunno",
        "userDefined": false
      }
    ],
    "isTemplate": false,
    "count": 0
  },
  {
    "id": "cc7f6fe6-1a1c-4954-ae51-5deff51aeb9a",
    "data": [
      {
        "text": "I don\u0027t know",
        "userDefined": false
      }
    ],
    "isTemplate": false,
    "count": 0
  },
  {
    "id": "db5485f8-8adf-440a-adfa-28ce88a03800",
    "data": [
      {
        "text": "skip this question",
        "userDefined": false
      }
    ],
    "isTemplate": false,
    "count": 0
  },
  {
    "id": "023f0dbb-ce34-4de0-908d-80a1e2eedf40",
    "data": [
      {
        "text": "skip",
        "userDefined": false
      }
    ],
    "isTemplate": false,
    "count": 0
  }
]