[
  {
    "id": "24fff54f-5f25-4edf-b558-d073f1fec167",
    "data": [
      {
        "text": "british columbia court of appeals",
        "alias": "court",
        "meta": "@sys.any",
        "userDefined": true
      }
    ],
    "isTemplate": false,
    "count": 0
  },
  {
    "id": "566ebae8-52be-4cf5-b9aa-790eb17568df",
    "data": [
      {
        "text": "The ",
        "userDefined": false
      },
      {
        "text": "supreme court of british columbia",
        "alias": "court",
        "meta": "@sys.any",
        "userDefined": true
      }
    ],
    "isTemplate": false,
    "count": 0
  }
]