[
  {
    "id": "726bc1d6-8451-4d23-90b6-5fcfaae3f762",
    "data": [
      {
        "text": "admit",
        "userDefined": false
      }
    ],
    "isTemplate": false,
    "count": 1,
    "updated": 1508883078
  },
  {
    "id": "80f7da30-85f6-4f2c-aebc-4980a0c98dc7",
    "data": [
      {
        "text": "accept",
        "userDefined": false
      }
    ],
    "isTemplate": false,
    "count": 1,
    "updated": 1508883078
  },
  {
    "id": "772f04af-4f4b-4d39-a8c0-e3f507c2d29c",
    "data": [
      {
        "text": "I gree",
        "userDefined": false
      }
    ],
    "isTemplate": false,
    "count": 0,
    "updated": 1508537428
  },
  {
    "id": "0ac58af6-ff95-4104-8b1b-1a8a94903c67",
    "data": [
      {
        "text": "I accept",
        "userDefined": false
      }
    ],
    "isTemplate": false,
    "count": 0,
    "updated": 1508537428
  },
  {
    "id": "1db0b08f-9deb-4e31-bf70-58dcbf4f9e5e",
    "data": [
      {
        "text": "they\u0027re correct",
        "userDefined": false
      }
    ],
    "isTemplate": false,
    "count": 0,
    "updated": 1508534155
  },
  {
    "id": "3d0fdbc7-9e0b-4a05-b9ea-eaec58808f19",
    "data": [
      {
        "text": "i accept the claim",
        "userDefined": false
      }
    ],
    "isTemplate": false,
    "count": 1,
    "updated": 1508537526
  },
  {
    "id": "037c557c-f3c9-4721-a443-74c0ac9c9755",
    "data": [
      {
        "text": "no argument",
        "userDefined": false
      }
    ],
    "isTemplate": false,
    "count": 0,
    "updated": 1508534155
  },
  {
    "id": "78011b62-f2ca-4548-b8d6-5657a9c14ea2",
    "data": [
      {
        "text": "i agree",
        "userDefined": false
      }
    ],
    "isTemplate": false,
    "count": 0,
    "updated": 1508534155
  },
  {
    "id": "75a0514d-0271-4428-86f2-2b7912dd536d",
    "data": [
      {
        "text": "agree",
        "userDefined": false
      }
    ],
    "isTemplate": false,
    "count": 0,
    "updated": 1508534155
  },
  {
    "id": "2ac9efd0-b2ad-4f6e-9018-2c7f8c4ee3fb",
    "data": [
      {
        "text": "I agree with it",
        "userDefined": false
      }
    ],
    "isTemplate": false,
    "count": 0,
    "updated": 1508537428
  },
  {
    "id": "d3a7064f-7243-4e9d-9139-829e8efb116d",
    "data": [
      {
        "text": "it\u0027s true",
        "userDefined": false
      }
    ],
    "isTemplate": false,
    "count": 0,
    "updated": 1508534155
  }
]