[
  {
    "id": "23c8ab16-1f25-4600-9e14-c05a921651e2",
    "data": [
      {
        "text": "false",
        "userDefined": false
      }
    ],
    "isTemplate": false,
    "count": 0,
    "updated": 1508534488
  },
  {
    "id": "034fab78-dab0-42eb-894a-14a1246a0346",
    "data": [
      {
        "text": "that is incorrect",
        "userDefined": false
      }
    ],
    "isTemplate": false,
    "count": 0,
    "updated": 1508534488
  },
  {
    "id": "5a0c5e62-04c8-41da-8823-877c68437d87",
    "data": [
      {
        "text": "I deny that claim",
        "userDefined": false
      }
    ],
    "isTemplate": false,
    "count": 0,
    "updated": 1508534488
  },
  {
    "id": "fde0521a-d76a-4728-b7c6-402db14f7e12",
    "data": [
      {
        "text": "deny",
        "userDefined": false
      }
    ],
    "isTemplate": false,
    "count": 1,
    "updated": 1508540344
  },
  {
    "id": "7a76e5cc-49bf-4843-be00-3c620a8b3cb7",
    "data": [
      {
        "text": "that\u0027s a lie",
        "userDefined": false
      }
    ],
    "isTemplate": false,
    "count": 0,
    "updated": 1508534488
  },
  {
    "id": "774111e4-fa4a-4a8f-bd04-6ebdfc0ab64c",
    "data": [
      {
        "text": "fake",
        "userDefined": false
      }
    ],
    "isTemplate": false,
    "count": 1,
    "updated": 1508534488
  },
  {
    "id": "9ed21dc1-525a-415f-bd9d-b7fc37de1431",
    "data": [
      {
        "text": "it\u0027s not true",
        "userDefined": false
      }
    ],
    "isTemplate": false,
    "count": 0,
    "updated": 1508534488
  }
]