[
  {
    "id": "2c1597a6-5787-4384-b041-561cf007022d",
    "data": [
      {
        "text": "no",
        "userDefined": false
      }
    ],
    "isTemplate": false,
    "count": 0,
    "updated": 1508540344
  },
  {
    "id": "26591e3a-53b8-4222-b067-2a1c5978461f",
    "data": [
      {
        "text": "I can\u0027t answer it",
        "userDefined": false
      }
    ],
    "isTemplate": false,
    "count": 0,
    "updated": 1508540344
  },
  {
    "id": "37c6bd5d-9c10-4961-9468-e5b219469e6f",
    "data": [
      {
        "text": "dunno",
        "userDefined": false
      }
    ],
    "isTemplate": false,
    "count": 0,
    "updated": 1508540344
  },
  {
    "id": "7e066155-d75b-4584-8101-d7574840874a",
    "data": [
      {
        "text": "no comment",
        "userDefined": false
      }
    ],
    "isTemplate": false,
    "count": 0,
    "updated": 1508534396
  },
  {
    "id": "acced842-0031-4789-be59-af3bbf8ee528",
    "data": [
      {
        "text": "I agree with it",
        "userDefined": false
      }
    ],
    "isTemplate": false,
    "count": 0,
    "updated": 1508537478
  },
  {
    "id": "bc6d6bd0-5254-4ee6-97fd-d36fd5abd1d9",
    "data": [
      {
        "text": "I gree",
        "userDefined": false
      }
    ],
    "isTemplate": false,
    "count": 0,
    "updated": 1508537478
  },
  {
    "id": "7fd80814-7ac9-4b3d-8912-3faa368a280e",
    "data": [
      {
        "text": "withhold",
        "userDefined": false
      }
    ],
    "isTemplate": false,
    "count": 0,
    "updated": 1508534396
  },
  {
    "id": "e5d537eb-3bf2-49f9-a8ad-36131fa6b383",
    "data": [
      {
        "text": "no answer",
        "userDefined": false
      }
    ],
    "isTemplate": false,
    "count": 0,
    "updated": 1508534396
  },
  {
    "id": "73372969-b7ef-4fd3-b6ff-98baa1cb40e4",
    "data": [
      {
        "text": "I\u0027m unable to answer",
        "userDefined": false
      }
    ],
    "isTemplate": false,
    "count": 0,
    "updated": 1508534396
  },
  {
    "id": "de2d8fc0-cbb9-471f-a700-2f04730ba9f5",
    "data": [
      {
        "text": "I can\u0027 t address that",
        "userDefined": false
      }
    ],
    "isTemplate": false,
    "count": 0,
    "updated": 1508534396
  },
  {
    "id": "9aff9dd6-6a14-4ca1-8811-ff458808bc82",
    "data": [
      {
        "text": "I can\u0027t speak to that",
        "userDefined": false
      }
    ],
    "isTemplate": false,
    "count": 0,
    "updated": 1508534396
  },
  {
    "id": "20c60427-dd36-4e67-9357-ac45638fbe71",
    "data": [
      {
        "text": "I accept",
        "userDefined": false
      }
    ],
    "isTemplate": false,
    "count": 0,
    "updated": 1508537478
  },
  {
    "id": "eba10690-6a54-487a-8424-2222618d717d",
    "data": [
      {
        "text": "I don\u0027t know",
        "userDefined": false
      }
    ],
    "isTemplate": false,
    "count": 0,
    "updated": 1508534396
  },
  {
    "id": "8cc7388a-a72e-4c8f-8971-5777f0135a56",
    "data": [
      {
        "text": "I can\u0027t answer",
        "userDefined": false
      }
    ],
    "isTemplate": false,
    "count": 0,
    "updated": 1508534396
  }
]