[
  {
    "id": "901f96ef-145e-492e-b09c-23463a8bf73a",
    "data": [
      {
        "text": "no",
        "userDefined": false
      }
    ],
    "isTemplate": false,
    "count": 0,
    "updated": 1508540344
  },
  {
    "id": "f2046962-8613-4586-afb3-39c90345b547",
    "data": [
      {
        "text": "I can\u0027t answer it",
        "userDefined": false
      }
    ],
    "isTemplate": false,
    "count": 0,
    "updated": 1508540344
  },
  {
    "id": "4d38c33c-a869-4eeb-af0c-8d6d68de31c5",
    "data": [
      {
        "text": "dunno",
        "userDefined": false
      }
    ],
    "isTemplate": false,
    "count": 0,
    "updated": 1508540344
  },
  {
    "id": "d3a9424e-56ed-44ac-9149-116bb1217995",
    "data": [
      {
        "text": "no comment",
        "userDefined": false
      }
    ],
    "isTemplate": false,
    "count": 0,
    "updated": 1508534396
  },
  {
    "id": "0e8e89bc-4143-4504-9427-9aa684803238",
    "data": [
      {
        "text": "I agree with it",
        "userDefined": false
      }
    ],
    "isTemplate": false,
    "count": 0,
    "updated": 1508537478
  },
  {
    "id": "761bfadb-44f0-4265-8015-05326deec9b6",
    "data": [
      {
        "text": "I gree",
        "userDefined": false
      }
    ],
    "isTemplate": false,
    "count": 0,
    "updated": 1508537478
  },
  {
    "id": "6312714a-93a6-4d6c-a695-da090f746321",
    "data": [
      {
        "text": "withhold",
        "userDefined": false
      }
    ],
    "isTemplate": false,
    "count": 0,
    "updated": 1508534396
  },
  {
    "id": "f80dcde3-d4ed-4902-abef-bdc2e53d7ff2",
    "data": [
      {
        "text": "no answer",
        "userDefined": false
      }
    ],
    "isTemplate": false,
    "count": 0,
    "updated": 1508534396
  },
  {
    "id": "aef67501-26ac-4e97-a541-bd986bb25e2a",
    "data": [
      {
        "text": "I\u0027m unable to answer",
        "userDefined": false
      }
    ],
    "isTemplate": false,
    "count": 0,
    "updated": 1508534396
  },
  {
    "id": "36b22680-db94-4346-8ac0-573ef17b569f",
    "data": [
      {
        "text": "I can\u0027 t address that",
        "userDefined": false
      }
    ],
    "isTemplate": false,
    "count": 0,
    "updated": 1508534396
  },
  {
    "id": "27feb261-88c5-4da7-9541-14c533c2cccc",
    "data": [
      {
        "text": "I can\u0027t speak to that",
        "userDefined": false
      }
    ],
    "isTemplate": false,
    "count": 0,
    "updated": 1508534396
  },
  {
    "id": "138e504d-ebc7-45f2-9abd-e63505feff29",
    "data": [
      {
        "text": "I accept",
        "userDefined": false
      }
    ],
    "isTemplate": false,
    "count": 0,
    "updated": 1508537478
  },
  {
    "id": "793f8567-de5c-402b-a28e-8197bf8fcc91",
    "data": [
      {
        "text": "I don\u0027t know",
        "userDefined": false
      }
    ],
    "isTemplate": false,
    "count": 0,
    "updated": 1508534396
  },
  {
    "id": "0594aa26-4d0f-49b3-a936-e7da9452eecc",
    "data": [
      {
        "text": "I can\u0027t answer",
        "userDefined": false
      }
    ],
    "isTemplate": false,
    "count": 0,
    "updated": 1508534396
  }
]