[
  {
    "id": "213b255a-02b3-4601-a3bb-cede4804b11a",
    "data": [
      {
        "text": "admit",
        "userDefined": false
      }
    ],
    "isTemplate": false,
    "count": 1,
    "updated": 1508883078
  },
  {
    "id": "dde6cd1d-ab0c-4fbc-b98d-616e83f3835f",
    "data": [
      {
        "text": "accept",
        "userDefined": false
      }
    ],
    "isTemplate": false,
    "count": 1,
    "updated": 1508883078
  },
  {
    "id": "761bfadb-44f0-4265-8015-05326deec9b6",
    "data": [
      {
        "text": "I gree",
        "userDefined": false
      }
    ],
    "isTemplate": false,
    "count": 0,
    "updated": 1508537428
  },
  {
    "id": "138e504d-ebc7-45f2-9abd-e63505feff29",
    "data": [
      {
        "text": "I accept",
        "userDefined": false
      }
    ],
    "isTemplate": false,
    "count": 0,
    "updated": 1508537428
  },
  {
    "id": "8bed8183-7359-4f8c-a8f9-639ede5b3485",
    "data": [
      {
        "text": "they\u0027re correct",
        "userDefined": false
      }
    ],
    "isTemplate": false,
    "count": 0,
    "updated": 1508534155
  },
  {
    "id": "ba91225e-5240-4901-82d6-55a21d231662",
    "data": [
      {
        "text": "i accept the claim",
        "userDefined": false
      }
    ],
    "isTemplate": false,
    "count": 1,
    "updated": 1508537526
  },
  {
    "id": "26456886-2c0a-434e-a805-2407a81949b3",
    "data": [
      {
        "text": "no argument",
        "userDefined": false
      }
    ],
    "isTemplate": false,
    "count": 0,
    "updated": 1508534155
  },
  {
    "id": "540fc05b-e481-40e9-8f59-72934fa6b728",
    "data": [
      {
        "text": "i agree",
        "userDefined": false
      }
    ],
    "isTemplate": false,
    "count": 0,
    "updated": 1508534155
  },
  {
    "id": "8ce74362-224f-4525-bee4-20430d8fa59b",
    "data": [
      {
        "text": "agree",
        "userDefined": false
      }
    ],
    "isTemplate": false,
    "count": 0,
    "updated": 1508534155
  },
  {
    "id": "0e8e89bc-4143-4504-9427-9aa684803238",
    "data": [
      {
        "text": "I agree with it",
        "userDefined": false
      }
    ],
    "isTemplate": false,
    "count": 0,
    "updated": 1508537428
  },
  {
    "id": "aa34484d-8d5a-4b63-b3a3-b62fc275f6fb",
    "data": [
      {
        "text": "it\u0027s true",
        "userDefined": false
      }
    ],
    "isTemplate": false,
    "count": 0,
    "updated": 1508534155
  }
]