[
  {
    "id": "e6c14d0f-f847-4496-ab08-6fd886e83a45",
    "data": [
      {
        "text": "no",
        "userDefined": false
      }
    ],
    "isTemplate": false,
    "count": 0,
    "updated": 1508540344
  },
  {
    "id": "4bc03ab6-26ab-4747-a3d3-5a926e2c1888",
    "data": [
      {
        "text": "I can\u0027t answer it",
        "userDefined": false
      }
    ],
    "isTemplate": false,
    "count": 0,
    "updated": 1508540344
  },
  {
    "id": "e046e157-c0b5-441a-bf72-7388aaae946b",
    "data": [
      {
        "text": "dunno",
        "userDefined": false
      }
    ],
    "isTemplate": false,
    "count": 0,
    "updated": 1508540344
  },
  {
    "id": "3e45a5cc-5825-41a6-8187-a775e019680c",
    "data": [
      {
        "text": "no comment",
        "userDefined": false
      }
    ],
    "isTemplate": false,
    "count": 0,
    "updated": 1508534396
  },
  {
    "id": "050b382f-7ce0-4ff3-9f76-0d6f68f2b202",
    "data": [
      {
        "text": "withhold",
        "userDefined": false
      }
    ],
    "isTemplate": false,
    "count": 0,
    "updated": 1508534396
  },
  {
    "id": "5fefa57a-18ee-4d04-9506-e4afcad2a3e8",
    "data": [
      {
        "text": "no answer",
        "userDefined": false
      }
    ],
    "isTemplate": false,
    "count": 0,
    "updated": 1508534396
  },
  {
    "id": "e4e7ebb7-d0d5-48f0-860a-3ce349aa6f4c",
    "data": [
      {
        "text": "I\u0027m unable to answer",
        "userDefined": false
      }
    ],
    "isTemplate": false,
    "count": 0,
    "updated": 1508534396
  },
  {
    "id": "cedf00f0-ba11-439d-8ae6-91940da417a6",
    "data": [
      {
        "text": "I can\u0027 t address that",
        "userDefined": false
      }
    ],
    "isTemplate": false,
    "count": 0,
    "updated": 1508534396
  },
  {
    "id": "4448bb1e-4689-4285-962b-a7740be04611",
    "data": [
      {
        "text": "I can\u0027t speak to that",
        "userDefined": false
      }
    ],
    "isTemplate": false,
    "count": 0,
    "updated": 1508534396
  },
  {
    "id": "dee60e0b-d821-48a8-902f-9990e43dcb1f",
    "data": [
      {
        "text": "I don\u0027t know",
        "userDefined": false
      }
    ],
    "isTemplate": false,
    "count": 0,
    "updated": 1508534396
  },
  {
    "id": "8b68eaf0-4682-4139-bff3-0203f5bf0eb4",
    "data": [
      {
        "text": "I can\u0027t answer",
        "userDefined": false
      }
    ],
    "isTemplate": false,
    "count": 0,
    "updated": 1508534396
  }
]