[
  {
    "id": "9378c238-eded-4313-9612-d7c5ae955979",
    "data": [
      {
        "text": "false",
        "userDefined": false
      }
    ],
    "isTemplate": false,
    "count": 0,
    "updated": 1508534488
  },
  {
    "id": "ebbc7d3d-258e-4129-a0dc-3d33cdecadc4",
    "data": [
      {
        "text": "that is incorrect",
        "userDefined": false
      }
    ],
    "isTemplate": false,
    "count": 0,
    "updated": 1508534488
  },
  {
    "id": "04041fb9-578a-43c0-80ef-652d3f059713",
    "data": [
      {
        "text": "I deny that claim",
        "userDefined": false
      }
    ],
    "isTemplate": false,
    "count": 0,
    "updated": 1508534488
  },
  {
    "id": "f91c7ab7-b1c3-439f-bf34-f0431f9071f1",
    "data": [
      {
        "text": "deny",
        "userDefined": false
      }
    ],
    "isTemplate": false,
    "count": 1,
    "updated": 1508540344
  },
  {
    "id": "7eeb8e16-a117-4d30-b022-ecff689ba3a3",
    "data": [
      {
        "text": "that\u0027s a lie",
        "userDefined": false
      }
    ],
    "isTemplate": false,
    "count": 0,
    "updated": 1508534488
  },
  {
    "id": "fd5f0186-f0ff-45eb-9892-48e2720e8b40",
    "data": [
      {
        "text": "fake",
        "userDefined": false
      }
    ],
    "isTemplate": false,
    "count": 1,
    "updated": 1508534488
  },
  {
    "id": "36609368-b10e-46e5-96e1-de94705dc0c0",
    "data": [
      {
        "text": "it\u0027s not true",
        "userDefined": false
      }
    ],
    "isTemplate": false,
    "count": 0,
    "updated": 1508534488
  }
]