[
  {
    "id": "51861ef2-5c62-4186-95d9-cc9dcdd77028",
    "data": [
      {
        "text": "british columbia court of appeals",
        "alias": "court",
        "meta": "@sys.any",
        "userDefined": true
      }
    ],
    "isTemplate": false,
    "count": 0
  },
  {
    "id": "64266b4b-3c16-4deb-a9e8-263976fdd7c2",
    "data": [
      {
        "text": "The ",
        "userDefined": false
      },
      {
        "text": "supreme court of british columbia",
        "alias": "court",
        "meta": "@sys.any",
        "userDefined": true
      }
    ],
    "isTemplate": false,
    "count": 0
  }
]