[
  {
    "id": "8bbb44c8-5b43-4a8e-b707-f0ce05a060fc",
    "data": [
      {
        "text": "admit",
        "userDefined": false
      }
    ],
    "isTemplate": false,
    "count": 1,
    "updated": 1508883078
  },
  {
    "id": "48ac9d88-6e8b-4151-96d2-e3ca770b0629",
    "data": [
      {
        "text": "accept",
        "userDefined": false
      }
    ],
    "isTemplate": false,
    "count": 1,
    "updated": 1508883078
  },
  {
    "id": "0cb3687a-b100-447d-b19e-5523de30bbfe",
    "data": [
      {
        "text": "I gree",
        "userDefined": false
      }
    ],
    "isTemplate": false,
    "count": 0,
    "updated": 1508537428
  },
  {
    "id": "60d39088-ce49-48c3-8d78-b7aead61cfa7",
    "data": [
      {
        "text": "I accept",
        "userDefined": false
      }
    ],
    "isTemplate": false,
    "count": 0,
    "updated": 1508537428
  },
  {
    "id": "2c327b4f-7343-4afc-a70c-7162bd2d1cbe",
    "data": [
      {
        "text": "they\u0027re correct",
        "userDefined": false
      }
    ],
    "isTemplate": false,
    "count": 0,
    "updated": 1508534155
  },
  {
    "id": "2f93ec47-c5ef-44f0-9474-e82ae1cd0437",
    "data": [
      {
        "text": "i accept the claim",
        "userDefined": false
      }
    ],
    "isTemplate": false,
    "count": 1,
    "updated": 1508537526
  },
  {
    "id": "a9cd5eee-4e7e-4e3a-8e77-f160fbf828d7",
    "data": [
      {
        "text": "no argument",
        "userDefined": false
      }
    ],
    "isTemplate": false,
    "count": 0,
    "updated": 1508534155
  },
  {
    "id": "09e4f032-0b71-4fed-878e-fe6f6c22ec87",
    "data": [
      {
        "text": "i agree",
        "userDefined": false
      }
    ],
    "isTemplate": false,
    "count": 0,
    "updated": 1508534155
  },
  {
    "id": "1c079b3b-a62d-432d-9c3f-f2c5933b16ea",
    "data": [
      {
        "text": "agree",
        "userDefined": false
      }
    ],
    "isTemplate": false,
    "count": 0,
    "updated": 1508534155
  },
  {
    "id": "5868fcf5-ab7b-49bb-9875-e949ccdca74e",
    "data": [
      {
        "text": "I agree with it",
        "userDefined": false
      }
    ],
    "isTemplate": false,
    "count": 0,
    "updated": 1508537428
  },
  {
    "id": "6c916749-9e1a-4ed8-94fa-107ee8e66fa1",
    "data": [
      {
        "text": "it\u0027s true",
        "userDefined": false
      }
    ],
    "isTemplate": false,
    "count": 0,
    "updated": 1508534155
  }
]