[
  {
    "id": "697dc8ce-ea83-4841-9f04-d6a21467de76",
    "data": [
      {
        "text": "not interested",
        "userDefined": false
      }
    ],
    "isTemplate": false,
    "count": 0,
    "updated": 0
  },
  {
    "id": "381ab2c4-6a5b-4bd4-8fd1-0c9b73748318",
    "data": [
      {
        "text": "no",
        "userDefined": false
      }
    ],
    "isTemplate": false,
    "count": 1,
    "updated": 1508886994
  },
  {
    "id": "b9b8c5f7-24d6-4497-b5ed-93d2d6a4a9ff",
    "data": [
      {
        "text": "definitely not",
        "userDefined": false
      }
    ],
    "isTemplate": false,
    "count": 1,
    "updated": 0
  },
  {
    "id": "2bc54fa1-972f-46bc-ab8c-c5ebe08c2840",
    "data": [
      {
        "text": "don\u0027t do it",
        "userDefined": false
      }
    ],
    "isTemplate": false,
    "count": 0,
    "updated": 0
  },
  {
    "id": "04d6767e-2169-4146-a5db-b52cf8713519",
    "data": [
      {
        "text": "I don\u0027t think so",
        "userDefined": false
      }
    ],
    "isTemplate": false,
    "count": 0,
    "updated": 0
  },
  {
    "id": "ac589667-11f6-4f03-84f0-ef18e26f7532",
    "data": [
      {
        "text": "that\u0027s all",
        "userDefined": false
      }
    ],
    "isTemplate": false,
    "count": 0,
    "updated": 1508798027
  },
  {
    "id": "e0a4da34-4b6e-4eec-8a71-128bcf3968c9",
    "data": [
      {
        "text": "thanks but no",
        "userDefined": false
      }
    ],
    "isTemplate": false,
    "count": 0,
    "updated": 0
  },
  {
    "id": "699a99d3-88fc-495a-853b-8d6c4cffb626",
    "data": [
      {
        "text": "I disagree",
        "userDefined": false
      }
    ],
    "isTemplate": false,
    "count": 2,
    "updated": 0
  },
  {
    "id": "f980dfa5-3bee-4541-8ccd-95e0ab611dda",
    "data": [
      {
        "text": "I don\u0027t want that",
        "userDefined": false
      }
    ],
    "isTemplate": false,
    "count": 0,
    "updated": 0
  },
  {
    "id": "1075c8f3-bbbe-4190-be5d-a62d2800d43f",
    "data": [
      {
        "text": "no more",
        "userDefined": false
      }
    ],
    "isTemplate": false,
    "count": 0,
    "updated": 1508798027
  },
  {
    "id": "65dad925-9eeb-44ae-ad2d-80926f9bcbef",
    "data": [
      {
        "text": "not really",
        "userDefined": false
      }
    ],
    "isTemplate": false,
    "count": 0,
    "updated": 0
  }
]