[
  {
    "id": "6323fe5b-eda6-4c9d-9d3c-94a4c63d66f2",
    "data": [
      {
        "text": "no paragraphs",
        "userDefined": false
      }
    ],
    "isTemplate": false,
    "count": 0
  },
  {
    "id": "22a5b0df-f228-479b-a4e4-eb42c1d5e9f7",
    "data": [
      {
        "text": "zero",
        "meta": "@sys.ignore",
        "userDefined": false
      },
      {
        "text": " paragraphs",
        "userDefined": false
      }
    ],
    "isTemplate": false,
    "count": 0
  },
  {
    "id": "bdd6e79d-5f46-4cb9-94fe-e52ec384375a",
    "data": [
      {
        "text": "none",
        "userDefined": false
      }
    ],
    "isTemplate": false,
    "count": 0
  },
  {
    "id": "6c6281f6-d581-418f-9171-1a63ab9fad21",
    "data": [
      {
        "text": "it\u0027s all true",
        "userDefined": false
      }
    ],
    "isTemplate": false,
    "count": 0
  },
  {
    "id": "7f41d791-6e7c-4ec9-b41c-ee025c0781c7",
    "data": [
      {
        "text": "nothing is inaccurate",
        "userDefined": false
      }
    ],
    "isTemplate": false,
    "count": 0
  },
  {
    "id": "64acf2ec-78f3-48d8-8093-d4f2ce94b7a5",
    "data": [
      {
        "text": "none of it is false",
        "userDefined": false
      }
    ],
    "isTemplate": false,
    "count": 0
  },
  {
    "id": "ecda2858-9c38-4eb6-aa0e-d595132f8fe8",
    "data": [
      {
        "text": "I disagree",
        "userDefined": false
      }
    ],
    "isTemplate": false,
    "count": 2,
    "updated": 1498819313
  },
  {
    "id": "e9eea267-eae6-4c87-942e-ff9ae959341b",
    "data": [
      {
        "text": "I don\u0027t think so",
        "userDefined": false
      }
    ],
    "isTemplate": false,
    "count": 0,
    "updated": 0
  },
  {
    "id": "0b882208-c0c7-45c6-81d7-3c2c4470edaa",
    "data": [
      {
        "text": "I don\u0027t want that",
        "userDefined": false
      }
    ],
    "isTemplate": false,
    "count": 0,
    "updated": 0
  },
  {
    "id": "5fd1e04b-511d-4a87-b37b-4ef3e5007f61",
    "data": [
      {
        "text": "don\u0027t do it",
        "userDefined": false
      }
    ],
    "isTemplate": false,
    "count": 0,
    "updated": 0
  },
  {
    "id": "65507f8d-d874-439c-bf0f-aa967c162cbc",
    "data": [
      {
        "text": "not really",
        "userDefined": false
      }
    ],
    "isTemplate": false,
    "count": 0,
    "updated": 1498819313
  },
  {
    "id": "3b2b49e9-e530-4a3a-9b24-cf368451fe64",
    "data": [
      {
        "text": "definitely not",
        "userDefined": false
      }
    ],
    "isTemplate": false,
    "count": 1,
    "updated": 0
  },
  {
    "id": "a1eb3560-ee6b-42be-b572-67cf636f0de3",
    "data": [
      {
        "text": "no",
        "userDefined": false
      }
    ],
    "isTemplate": false,
    "count": 1,
    "updated": 0
  },
  {
    "id": "0ac099eb-dcb7-47b2-b7fe-a326552be007",
    "data": [
      {
        "text": "thanks but no",
        "userDefined": false
      }
    ],
    "isTemplate": false,
    "count": 0,
    "updated": 0
  },
  {
    "id": "9473098a-db31-4b5d-a0f6-c820d7df3cfc",
    "data": [
      {
        "text": "not interested",
        "userDefined": false
      }
    ],
    "isTemplate": false,
    "count": 0,
    "updated": 0
  }
]