[
  {
    "id": "330d05d8-b3e9-42f9-87ea-bad16d4c45f2",
    "data": [
      {
        "text": "no paragraphs",
        "userDefined": false
      }
    ],
    "isTemplate": false,
    "count": 0
  },
  {
    "id": "344db434-d564-45bc-a26b-d57262cfa69e",
    "data": [
      {
        "text": "zero",
        "meta": "@sys.ignore",
        "userDefined": false
      },
      {
        "text": " paragraphs",
        "userDefined": false
      }
    ],
    "isTemplate": false,
    "count": 0
  },
  {
    "id": "06159fdb-e03d-489a-b8c3-f0e18d61d570",
    "data": [
      {
        "text": "none",
        "userDefined": false
      }
    ],
    "isTemplate": false,
    "count": 0
  },
  {
    "id": "b6b84813-7340-46f8-bc57-4c81b603aa54",
    "data": [
      {
        "text": "it\u0027s all false",
        "userDefined": false
      }
    ],
    "isTemplate": false,
    "count": 0
  },
  {
    "id": "55d758e7-a674-4585-8de0-66ecdd2ed42e",
    "data": [
      {
        "text": "None of it is accurate",
        "userDefined": false
      }
    ],
    "isTemplate": false,
    "count": 0
  },
  {
    "id": "6b580824-87f7-4d28-a11d-b88e7aa9dabf",
    "data": [
      {
        "text": "None of it is true",
        "userDefined": false
      }
    ],
    "isTemplate": false,
    "count": 0
  },
  {
    "id": "d0bc3f63-0dd8-4865-b6a4-8ec6550260b5",
    "data": [
      {
        "text": "I disagree",
        "userDefined": false
      }
    ],
    "isTemplate": false,
    "count": 2,
    "updated": 1498819313
  },
  {
    "id": "d357a8e0-ba65-4393-8bd2-f4fc784199b0",
    "data": [
      {
        "text": "I don\u0027t think so",
        "userDefined": false
      }
    ],
    "isTemplate": false,
    "count": 0,
    "updated": 0
  },
  {
    "id": "7f4fac10-74e2-486e-8937-21c21e668342",
    "data": [
      {
        "text": "I don\u0027t want that",
        "userDefined": false
      }
    ],
    "isTemplate": false,
    "count": 0,
    "updated": 0
  },
  {
    "id": "f9221169-fde7-4376-a11e-1e7e97067e14",
    "data": [
      {
        "text": "don\u0027t do it",
        "userDefined": false
      }
    ],
    "isTemplate": false,
    "count": 0,
    "updated": 0
  },
  {
    "id": "a7717868-24ee-4fa9-95f4-164c088de8ae",
    "data": [
      {
        "text": "not really",
        "userDefined": false
      }
    ],
    "isTemplate": false,
    "count": 0,
    "updated": 1498819313
  },
  {
    "id": "458a552d-205b-4cc2-b0c5-4248fc60808d",
    "data": [
      {
        "text": "definitely not",
        "userDefined": false
      }
    ],
    "isTemplate": false,
    "count": 1,
    "updated": 0
  },
  {
    "id": "52a2b9d4-c3ee-4afa-b2d7-84c97c56275c",
    "data": [
      {
        "text": "no",
        "userDefined": false
      }
    ],
    "isTemplate": false,
    "count": 1,
    "updated": 0
  },
  {
    "id": "29683f8f-a25a-45fa-aeca-492024cc82f7",
    "data": [
      {
        "text": "thanks but no",
        "userDefined": false
      }
    ],
    "isTemplate": false,
    "count": 0,
    "updated": 0
  },
  {
    "id": "0ab8e5ed-0b9f-4c2b-a169-5ab6584336fc",
    "data": [
      {
        "text": "not interested",
        "userDefined": false
      }
    ],
    "isTemplate": false,
    "count": 0,
    "updated": 0
  }
]