[
  {
    "id": "c26f14e4-3cbf-4f6b-990f-62e3e1542760",
    "data": [
      {
        "text": "zero",
        "meta": "@sys.ignore",
        "userDefined": false
      },
      {
        "text": " paragraphs",
        "userDefined": false
      }
    ],
    "isTemplate": false,
    "count": 0
  },
  {
    "id": "e36a954b-bcb5-4069-9a52-0f3d0a59d501",
    "data": [
      {
        "text": "no paragraphs",
        "userDefined": false
      }
    ],
    "isTemplate": false,
    "count": 0
  },
  {
    "id": "eb553ff4-c213-4c28-a526-929a96f1ba36",
    "data": [
      {
        "text": "none",
        "userDefined": false
      }
    ],
    "isTemplate": false,
    "count": 1
  },
  {
    "id": "452782a0-e0a4-484e-9b59-ab9d5fe3e04e",
    "data": [
      {
        "text": "I disagree",
        "userDefined": false
      }
    ],
    "isTemplate": false,
    "count": 2,
    "updated": 1498819313
  },
  {
    "id": "c060bca8-8552-468e-9a1c-3890f6a01b33",
    "data": [
      {
        "text": "I don\u0027t think so",
        "userDefined": false
      }
    ],
    "isTemplate": false,
    "count": 0,
    "updated": 0
  },
  {
    "id": "2145dcda-7d68-41da-8d2b-da102d0e277b",
    "data": [
      {
        "text": "I don\u0027t want that",
        "userDefined": false
      }
    ],
    "isTemplate": false,
    "count": 0,
    "updated": 0
  },
  {
    "id": "5a168e7d-e71b-412c-ba71-2a71cf9a8c83",
    "data": [
      {
        "text": "don\u0027t do it",
        "userDefined": false
      }
    ],
    "isTemplate": false,
    "count": 0,
    "updated": 0
  },
  {
    "id": "712dc661-8d9f-48fd-a95d-bcadf31b5701",
    "data": [
      {
        "text": "not really",
        "userDefined": false
      }
    ],
    "isTemplate": false,
    "count": 0,
    "updated": 1498819313
  },
  {
    "id": "28034218-ad13-4c22-8496-1bacebf2e978",
    "data": [
      {
        "text": "definitely not",
        "userDefined": false
      }
    ],
    "isTemplate": false,
    "count": 1,
    "updated": 0
  },
  {
    "id": "5e900ef0-7cbc-4dfd-801c-d74ef8ebb083",
    "data": [
      {
        "text": "no",
        "userDefined": false
      }
    ],
    "isTemplate": false,
    "count": 1,
    "updated": 0
  },
  {
    "id": "c4425447-657a-4386-908e-721f49cfda09",
    "data": [
      {
        "text": "thanks but no",
        "userDefined": false
      }
    ],
    "isTemplate": false,
    "count": 0,
    "updated": 0
  },
  {
    "id": "5e057594-ab2f-4f22-bed0-b9866d345ff9",
    "data": [
      {
        "text": "not interested",
        "userDefined": false
      }
    ],
    "isTemplate": false,
    "count": 0,
    "updated": 0
  }
]