[
  {
    "id": "ff235b4d-d4a9-4c44-9c5c-436a26fc57b2",
    "data": [
      {
        "text": "I have not been sued",
        "userDefined": false
      }
    ],
    "isTemplate": false,
    "count": 0,
    "updated": 1509392728
  },
  {
    "id": "46d8153d-547c-4f38-a65c-40a440c52ba4",
    "data": [
      {
        "text": "negative",
        "userDefined": false
      }
    ],
    "isTemplate": false,
    "count": 0,
    "updated": 1509392728
  },
  {
    "id": "2938e78c-66a2-4b23-84fd-16f30d334bee",
    "data": [
      {
        "text": "definitely not",
        "userDefined": false
      }
    ],
    "isTemplate": false,
    "count": 1,
    "updated": 0
  },
  {
    "id": "f46915c5-8269-4d6c-b433-359d08ef8d4b",
    "data": [
      {
        "text": "not really",
        "userDefined": false
      }
    ],
    "isTemplate": false,
    "count": 0,
    "updated": 0
  },
  {
    "id": "684bf342-e14f-41df-b969-d31eff8558d5",
    "data": [
      {
        "text": "I haven\u0027t",
        "userDefined": false
      }
    ],
    "isTemplate": false,
    "count": 0,
    "updated": 1509392728
  },
  {
    "id": "fcae5043-21bc-4e21-a56d-67aa799fa53b",
    "data": [
      {
        "text": "I have not",
        "userDefined": false
      }
    ],
    "isTemplate": false,
    "count": 0,
    "updated": 1509392728
  },
  {
    "id": "9d77bb06-8ef2-4650-8a10-132fe9f2974e",
    "data": [
      {
        "text": "I don\u0027t think so",
        "userDefined": false
      }
    ],
    "isTemplate": false,
    "count": 0,
    "updated": 1509392728
  },
  {
    "id": "a448eac6-5acb-4a0e-ace6-5c10c4216b2b",
    "data": [
      {
        "text": "I haven\u0027t been sued",
        "userDefined": false
      }
    ],
    "isTemplate": false,
    "count": 0,
    "updated": 1509392728
  },
  {
    "id": "436b1425-1eb8-48b2-b305-ad35a8d25709",
    "data": [
      {
        "text": "no",
        "userDefined": false
      }
    ],
    "isTemplate": false,
    "count": 1,
    "updated": 0
  },
  {
    "id": "161f655a-b391-412f-8b32-6214ef60ac7c",
    "data": [
      {
        "text": "nope",
        "userDefined": false
      }
    ],
    "isTemplate": false,
    "count": 0,
    "updated": 1509392728
  },
  {
    "id": "00e18ab4-09d6-46f9-bddf-d935ded2e866",
    "data": [
      {
        "text": "I disagree",
        "userDefined": false
      }
    ],
    "isTemplate": false,
    "count": 2,
    "updated": 0
  },
  {
    "id": "a505d17e-b31e-4515-8e07-7fb85adb6b3b",
    "data": [
      {
        "text": "not interested",
        "userDefined": false
      }
    ],
    "isTemplate": false,
    "count": 0,
    "updated": 0
  },
  {
    "id": "8cdf26ea-ce55-4194-bb8c-cab0fbee9136",
    "data": [
      {
        "text": "thanks but no",
        "userDefined": false
      }
    ],
    "isTemplate": false,
    "count": 0,
    "updated": 0
  }
]