[
  {
    "id": "ebab3256-752a-43bf-be7a-2e546126c126",
    "data": [
      {
        "text": "I think so",
        "userDefined": false
      }
    ],
    "isTemplate": false,
    "count": 0,
    "updated": 1509392510
  },
  {
    "id": "2ba47e1c-54b8-4aab-aec6-2b79d54234ce",
    "data": [
      {
        "text": "I agree",
        "userDefined": false
      }
    ],
    "isTemplate": false,
    "count": 1,
    "updated": 0
  },
  {
    "id": "65941cad-1701-4013-8e74-58aade216e7b",
    "data": [
      {
        "text": "yes, I\u0027ve been sued by ",
        "userDefined": false
      },
      {
        "text": "Joe",
        "alias": "name",
        "meta": "@sys.any",
        "userDefined": true
      }
    ],
    "isTemplate": false,
    "count": 0,
    "updated": 1509409950
  },
  {
    "id": "36fb14b1-bd17-42f3-aa48-8ff10fc6a6eb",
    "data": [
      {
        "text": "Yes, ",
        "userDefined": false
      },
      {
        "text": "Joe",
        "alias": "name",
        "meta": "@sys.any",
        "userDefined": false
      },
      {
        "text": " sued me",
        "userDefined": false
      }
    ],
    "isTemplate": false,
    "count": 0,
    "updated": 1509409950
  },
  {
    "id": "1811f066-e269-47c9-93d2-6ad09a8beaa0",
    "data": [
      {
        "text": "yes",
        "userDefined": false
      }
    ],
    "isTemplate": false,
    "count": 0,
    "updated": 0
  },
  {
    "id": "4c7d191c-5fee-4e49-bde2-aff4c7096e09",
    "data": [
      {
        "text": "yeah",
        "userDefined": false
      }
    ],
    "isTemplate": false,
    "count": 0,
    "updated": 1509392510
  },
  {
    "id": "7ab94a14-84c1-495f-85c3-880afcc05ce7",
    "data": [
      {
        "text": "that\u0027s correct",
        "userDefined": false
      }
    ],
    "isTemplate": false,
    "count": 0,
    "updated": 1509392510
  },
  {
    "id": "92682c77-242c-40bc-b0c6-ecc035f050b3",
    "data": [
      {
        "text": "okay",
        "userDefined": false
      }
    ],
    "isTemplate": false,
    "count": 0,
    "updated": 0
  },
  {
    "id": "f0aa2d7a-53a0-4b24-bae0-f2a6a35379dd",
    "data": [
      {
        "text": "ok",
        "userDefined": false
      }
    ],
    "isTemplate": false,
    "count": 0,
    "updated": 0
  },
  {
    "id": "b437dc7a-0406-4890-90ac-bb84d76ac74e",
    "data": [
      {
        "text": "I\u0027ve been sued",
        "userDefined": false
      }
    ],
    "isTemplate": false,
    "count": 0,
    "updated": 1509392510
  },
  {
    "id": "50a46029-a5b9-47a3-aff2-da0bd90e8864",
    "data": [
      {
        "text": "I was sued by ",
        "userDefined": false
      },
      {
        "text": "Joe",
        "alias": "name",
        "meta": "@sys.any",
        "userDefined": true
      }
    ],
    "isTemplate": false,
    "count": 0,
    "updated": 1509409950
  },
  {
    "id": "89dce60c-4484-4c1d-81f5-fbc5a8782257",
    "data": [
      {
        "text": "mhmm",
        "userDefined": false
      }
    ],
    "isTemplate": false,
    "count": 0,
    "updated": 1509392510
  },
  {
    "id": "874ff92d-88a8-4a96-8fd9-9d112b68551f",
    "data": [
      {
        "text": "I\u0027ve been sued by ",
        "userDefined": false
      },
      {
        "text": "Joe",
        "alias": "name",
        "meta": "@sys.any",
        "userDefined": true
      }
    ],
    "isTemplate": false,
    "count": 0,
    "updated": 1509409950
  },
  {
    "id": "1dec294f-b0db-4265-ad61-256c26af613d",
    "data": [
      {
        "text": "I have been sued",
        "userDefined": false
      }
    ],
    "isTemplate": false,
    "count": 0,
    "updated": 1509392510
  },
  {
    "id": "d53ee4e9-dca2-465f-a382-87984228cf94",
    "data": [
      {
        "text": "I have",
        "userDefined": false
      }
    ],
    "isTemplate": false,
    "count": 0,
    "updated": 1509392510
  },
  {
    "id": "e3619c4c-7d95-41b3-9bd2-7e5a10e5b8ad",
    "data": [
      {
        "text": "definitely",
        "userDefined": false
      }
    ],
    "isTemplate": false,
    "count": 0,
    "updated": 1509392510
  },
  {
    "id": "83fe8b2f-eae9-4ed2-ad91-36518e3718eb",
    "data": [
      {
        "text": "yep",
        "userDefined": false
      }
    ],
    "isTemplate": false,
    "count": 0,
    "updated": 1509392510
  },
  {
    "id": "604bdb6d-ecdb-4cc7-8d11-ce553b8bb439",
    "data": [
      {
        "text": "exactly",
        "userDefined": false
      }
    ],
    "isTemplate": false,
    "count": 0,
    "updated": 0
  },
  {
    "id": "34f8a89b-9acc-463c-859e-b0d2a2097f2b",
    "data": [
      {
        "text": "Yes, I was sued by ",
        "userDefined": false
      },
      {
        "text": "Joe",
        "alias": "name",
        "meta": "@sys.any",
        "userDefined": true
      }
    ],
    "isTemplate": false,
    "count": 0,
    "updated": 1509409950
  },
  {
    "id": "02478ade-1e04-4380-83b9-811c24ba2d81",
    "data": [
      {
        "text": "sure",
        "userDefined": false
      }
    ],
    "isTemplate": false,
    "count": 2,
    "updated": 0
  },
  {
    "id": "bcf8aa7b-5c98-4699-984d-683a8d1c28df",
    "data": [
      {
        "text": "confirm",
        "userDefined": false
      }
    ],
    "isTemplate": false,
    "count": 1,
    "updated": 0
  },
  {
    "id": "dd09d26e-8318-42de-9935-ade41fbfd117",
    "data": [
      {
        "text": "of course",
        "userDefined": false
      }
    ],
    "isTemplate": false,
    "count": 1,
    "updated": 0
  }
]