[
  {
    "id": "b7b4ba23-d9db-4554-a86b-bca12e322f97",
    "data": [
      {
        "text": "Joe",
        "alias": "name",
        "meta": "@sys.any",
        "userDefined": true
      }
    ],
    "isTemplate": false,
    "count": 0,
    "updated": 1509391697
  },
  {
    "id": "c954055b-4f78-4359-8b01-6d685e43ca5f",
    "data": [
      {
        "text": "Hi, I\u0027m ",
        "userDefined": false
      },
      {
        "text": "Joe",
        "alias": "name",
        "meta": "@sys.any",
        "userDefined": false
      }
    ],
    "isTemplate": false,
    "count": 0,
    "updated": 1509391697
  },
  {
    "id": "581ed579-485e-4c04-b21d-723db78a11f7",
    "data": [
      {
        "text": "you can call me ",
        "userDefined": false
      },
      {
        "text": "Joe",
        "alias": "name",
        "meta": "@sys.any",
        "userDefined": false
      }
    ],
    "isTemplate": false,
    "count": 0,
    "updated": 1509391697
  },
  {
    "id": "0d418448-3576-44d8-9e93-62085ecbce25",
    "data": [
      {
        "text": "My name is ",
        "userDefined": false
      },
      {
        "text": "Joe",
        "alias": "name",
        "meta": "@sys.any",
        "userDefined": false
      }
    ],
    "isTemplate": false,
    "count": 0,
    "updated": 1509391697
  },
  {
    "id": "d2b3b30d-6621-4e5d-9b4f-36a5a6050581",
    "data": [
      {
        "text": "Joe",
        "alias": "name",
        "meta": "@sys.any",
        "userDefined": false
      },
      {
        "text": ". What\u0027s yours?",
        "userDefined": false
      }
    ],
    "isTemplate": false,
    "count": 0,
    "updated": 1509391697
  },
  {
    "id": "a3af6fb4-b009-4d22-ab5d-aed3c8469abc",
    "data": [
      {
        "text": "I\u0027m ",
        "userDefined": false
      },
      {
        "text": "Joe",
        "alias": "name",
        "meta": "@sys.any",
        "userDefined": false
      }
    ],
    "isTemplate": false,
    "count": 0,
    "updated": 1509391697
  },
  {
    "id": "57aca852-8f97-4b45-9ea8-27a5766ca854",
    "data": [
      {
        "text": "call me ",
        "userDefined": false
      },
      {
        "text": "Joe",
        "alias": "name",
        "meta": "@sys.any",
        "userDefined": false
      }
    ],
    "isTemplate": false,
    "count": 0,
    "updated": 1509391697
  }
]