[
  {
    "id": "18b752ec-f2ba-4443-ba27-1abb0cfdef3f",
    "data": [
      {
        "text": "I\u0027ve been sued by ",
        "userDefined": false
      },
      {
        "text": "Joe",
        "alias": "name",
        "meta": "@sys.any",
        "userDefined": true
      }
    ],
    "isTemplate": false,
    "count": 0,
    "updated": 1509409950
  },
  {
    "id": "76d7bb5c-3113-4ada-87fb-e7701a45e7b2",
    "data": [
      {
        "text": "yes, I\u0027ve been sued by ",
        "userDefined": false
      },
      {
        "text": "Joe",
        "alias": "name",
        "meta": "@sys.any",
        "userDefined": true
      }
    ],
    "isTemplate": false,
    "count": 0,
    "updated": 1509409950
  },
  {
    "id": "d5d47096-9d44-482d-b7bf-7a8c326e6aad",
    "data": [
      {
        "text": "Yes, ",
        "userDefined": false
      },
      {
        "text": "Joe",
        "alias": "name",
        "meta": "@sys.any",
        "userDefined": false
      },
      {
        "text": " sued me",
        "userDefined": false
      }
    ],
    "isTemplate": false,
    "count": 0,
    "updated": 1509409950
  },
  {
    "id": "11980fdc-09cd-4c12-85a1-10cc21646ab1",
    "data": [
      {
        "text": "Yes, I was sued by ",
        "userDefined": false
      },
      {
        "text": "Joe",
        "alias": "name",
        "meta": "@sys.any",
        "userDefined": true
      }
    ],
    "isTemplate": false,
    "count": 0,
    "updated": 1509409950
  },
  {
    "id": "c5a3ed43-1972-47c0-886e-fffd228ad089",
    "data": [
      {
        "text": "I was sued by ",
        "userDefined": false
      },
      {
        "text": "Joe",
        "alias": "name",
        "meta": "@sys.any",
        "userDefined": true
      }
    ],
    "isTemplate": false,
    "count": 0,
    "updated": 1509409950
  },
  {
    "id": "5d380a9e-b0c3-434c-9da3-e1f9b6cf128a",
    "data": [
      {
        "text": "I have been sued",
        "userDefined": false
      }
    ],
    "isTemplate": false,
    "count": 0,
    "updated": 1509392510
  },
  {
    "id": "a215589d-abc0-4ade-a8ec-e1e8227abcb4",
    "data": [
      {
        "text": "I\u0027ve been sued",
        "userDefined": false
      }
    ],
    "isTemplate": false,
    "count": 0,
    "updated": 1509392510
  },
  {
    "id": "3c16ff9c-dceb-41b3-aa48-2dd84ec394f6",
    "data": [
      {
        "text": "I think so",
        "userDefined": false
      }
    ],
    "isTemplate": false,
    "count": 0,
    "updated": 1509392510
  },
  {
    "id": "ecd108dd-1479-4e72-ad1c-60e56cef0810",
    "data": [
      {
        "text": "yep",
        "userDefined": false
      }
    ],
    "isTemplate": false,
    "count": 0,
    "updated": 1509392510
  },
  {
    "id": "0a32afa4-ea6b-4edb-808b-3b71490e0ec5",
    "data": [
      {
        "text": "mhmm",
        "userDefined": false
      }
    ],
    "isTemplate": false,
    "count": 0,
    "updated": 1509392510
  },
  {
    "id": "38eb319a-adda-4c39-9f20-3efd7aa54d76",
    "data": [
      {
        "text": "definitely",
        "userDefined": false
      }
    ],
    "isTemplate": false,
    "count": 0,
    "updated": 1509392510
  },
  {
    "id": "382a8294-fac1-4e80-b563-9a4535637332",
    "data": [
      {
        "text": "I agree",
        "userDefined": false
      }
    ],
    "isTemplate": false,
    "count": 1,
    "updated": 0
  },
  {
    "id": "6383d4e4-148f-425b-9669-1ffc44ab3236",
    "data": [
      {
        "text": "yeah",
        "userDefined": false
      }
    ],
    "isTemplate": false,
    "count": 0,
    "updated": 1509392510
  },
  {
    "id": "48ef2efd-dd00-4989-aef5-35788be4c87d",
    "data": [
      {
        "text": "I have",
        "userDefined": false
      }
    ],
    "isTemplate": false,
    "count": 0,
    "updated": 1509392510
  },
  {
    "id": "a5e1a318-a156-405c-a6ab-a9467432b56b",
    "data": [
      {
        "text": "that\u0027s correct",
        "userDefined": false
      }
    ],
    "isTemplate": false,
    "count": 0,
    "updated": 1509392510
  },
  {
    "id": "7bba88d9-fadc-482c-9087-a10f0c8e8b2a",
    "data": [
      {
        "text": "ok",
        "userDefined": false
      }
    ],
    "isTemplate": false,
    "count": 0,
    "updated": 0
  },
  {
    "id": "60c60c77-b645-4c39-9c45-d14f91506f0b",
    "data": [
      {
        "text": "okay",
        "userDefined": false
      }
    ],
    "isTemplate": false,
    "count": 0,
    "updated": 0
  },
  {
    "id": "ddf4dabe-fc05-48fa-9e41-1f6ae989c9d5",
    "data": [
      {
        "text": "yes",
        "userDefined": false
      }
    ],
    "isTemplate": false,
    "count": 0,
    "updated": 0
  },
  {
    "id": "defc7414-7414-49c9-b150-d37558d26538",
    "data": [
      {
        "text": "sure",
        "userDefined": false
      }
    ],
    "isTemplate": false,
    "count": 2,
    "updated": 0
  },
  {
    "id": "3441ace7-1304-44bf-a352-f8073fd3dd03",
    "data": [
      {
        "text": "exactly",
        "userDefined": false
      }
    ],
    "isTemplate": false,
    "count": 0,
    "updated": 0
  },
  {
    "id": "98ad2fbe-a25a-4150-a450-99c49e3e24b1",
    "data": [
      {
        "text": "confirm",
        "userDefined": false
      }
    ],
    "isTemplate": false,
    "count": 1,
    "updated": 0
  },
  {
    "id": "8bfa71f7-e00f-49cb-a717-53e9b6ddadff",
    "data": [
      {
        "text": "of course",
        "userDefined": false
      }
    ],
    "isTemplate": false,
    "count": 1,
    "updated": 0
  }
]