[
  {
    "id": "1d00b666-1fed-4c4d-b7ca-ecbffc693b33",
    "data": [
      {
        "text": "Hi",
        "userDefined": false
      }
    ],
    "isTemplate": false,
    "count": 0,
    "updated": 1507752674
  },
  {
    "id": "a6849f97-ecd9-47fb-bbed-0d2b42411eee",
    "data": [
      {
        "text": "begin",
        "userDefined": false
      }
    ],
    "isTemplate": false,
    "count": 0,
    "updated": 1507752674
  },
  {
    "id": "82df7ba4-b7a3-482c-9432-b62a8a01453a",
    "data": [
      {
        "text": "start",
        "userDefined": false
      }
    ],
    "isTemplate": false,
    "count": 0,
    "updated": 1507752674
  },
  {
    "id": "97ab94f1-da52-4734-bd66-695b073e71ef",
    "data": [
      {
        "text": "Hello",
        "userDefined": false
      }
    ],
    "isTemplate": false,
    "count": 0,
    "updated": 1507752674
  },
  {
    "id": "8a7a2c5e-5675-41f8-909c-66dd876f3667",
    "data": [
      {
        "text": "lets go",
        "userDefined": false
      }
    ],
    "isTemplate": false,
    "count": 0,
    "updated": 1507752674
  }
]