[
  {
    "id": "7835acfb-f29d-44e7-9e47-0c221d9d117f",
    "data": [
      {
        "text": "I have not",
        "userDefined": false
      }
    ],
    "isTemplate": false,
    "count": 0,
    "updated": 1509392728
  },
  {
    "id": "f6372b34-b842-40f6-a92d-cdb333055e23",
    "data": [
      {
        "text": "I haven\u0027t been sued",
        "userDefined": false
      }
    ],
    "isTemplate": false,
    "count": 0,
    "updated": 1509392728
  },
  {
    "id": "5074dcac-167b-47c2-8367-7d134bcfdc1f",
    "data": [
      {
        "text": "I have not been sued",
        "userDefined": false
      }
    ],
    "isTemplate": false,
    "count": 0,
    "updated": 1509392728
  },
  {
    "id": "3869b967-152b-4d61-a21a-8e42f0beb149",
    "data": [
      {
        "text": "negative",
        "userDefined": false
      }
    ],
    "isTemplate": false,
    "count": 0,
    "updated": 1509392728
  },
  {
    "id": "7b90758d-9350-4f1f-88be-49129d7fe942",
    "data": [
      {
        "text": "nope",
        "userDefined": false
      }
    ],
    "isTemplate": false,
    "count": 0,
    "updated": 1509392728
  },
  {
    "id": "145a1953-7c90-4964-bfc4-91a678a52881",
    "data": [
      {
        "text": "I haven\u0027t",
        "userDefined": false
      }
    ],
    "isTemplate": false,
    "count": 0,
    "updated": 1509392728
  },
  {
    "id": "c8503ed6-5f82-4eec-a80b-11372412b015",
    "data": [
      {
        "text": "I don\u0027t think so",
        "userDefined": false
      }
    ],
    "isTemplate": false,
    "count": 0,
    "updated": 1509392728
  },
  {
    "id": "c6d174dd-13e6-4355-80aa-cb6729010203",
    "data": [
      {
        "text": "no",
        "userDefined": false
      }
    ],
    "isTemplate": false,
    "count": 1,
    "updated": 0
  },
  {
    "id": "835228a7-1e44-4175-8870-11778aa46215",
    "data": [
      {
        "text": "not really",
        "userDefined": false
      }
    ],
    "isTemplate": false,
    "count": 0,
    "updated": 0
  },
  {
    "id": "e134d3f6-73d8-4be2-bc62-6612e26c1c08",
    "data": [
      {
        "text": "I disagree",
        "userDefined": false
      }
    ],
    "isTemplate": false,
    "count": 2,
    "updated": 0
  },
  {
    "id": "e2d22145-c29f-4045-a8c8-210f73506a5f",
    "data": [
      {
        "text": "definitely not",
        "userDefined": false
      }
    ],
    "isTemplate": false,
    "count": 1,
    "updated": 0
  },
  {
    "id": "95703045-550d-4bde-8ca0-7b86c64e66db",
    "data": [
      {
        "text": "thanks but no",
        "userDefined": false
      }
    ],
    "isTemplate": false,
    "count": 0,
    "updated": 0
  },
  {
    "id": "b449bc39-7cf5-4d53-a225-c15718efbc0b",
    "data": [
      {
        "text": "not interested",
        "userDefined": false
      }
    ],
    "isTemplate": false,
    "count": 0,
    "updated": 0
  }
]