[
  {
    "id": "29f5ab0a-46b6-47dc-871f-47d49f17a990",
    "data": [
      {
        "text": "Joe",
        "alias": "name",
        "meta": "@sys.any",
        "userDefined": true
      }
    ],
    "isTemplate": false,
    "count": 0,
    "updated": 1509391697
  },
  {
    "id": "7d082d36-2148-4031-a188-956aa031afe6",
    "data": [
      {
        "text": "call me ",
        "userDefined": false
      },
      {
        "text": "Joe",
        "alias": "name",
        "meta": "@sys.any",
        "userDefined": false
      }
    ],
    "isTemplate": false,
    "count": 0,
    "updated": 1509391697
  },
  {
    "id": "c0bfc24a-5a07-469f-a9ad-073573f8141f",
    "data": [
      {
        "text": "Joe",
        "alias": "name",
        "meta": "@sys.any",
        "userDefined": false
      },
      {
        "text": ". What\u0027s yours?",
        "userDefined": false
      }
    ],
    "isTemplate": false,
    "count": 0,
    "updated": 1509391697
  },
  {
    "id": "2179ff72-0b2b-4926-8320-70f24c875a6e",
    "data": [
      {
        "text": "you can call me ",
        "userDefined": false
      },
      {
        "text": "Joe",
        "alias": "name",
        "meta": "@sys.any",
        "userDefined": false
      }
    ],
    "isTemplate": false,
    "count": 0,
    "updated": 1509391697
  },
  {
    "id": "629ce3ea-2147-4c38-944a-1fa5355cb9ad",
    "data": [
      {
        "text": "Hi, I\u0027m ",
        "userDefined": false
      },
      {
        "text": "Joe",
        "alias": "name",
        "meta": "@sys.any",
        "userDefined": false
      }
    ],
    "isTemplate": false,
    "count": 0,
    "updated": 1509391697
  },
  {
    "id": "c3438f89-cc58-4939-b158-5f3d570fb851",
    "data": [
      {
        "text": "I\u0027m ",
        "userDefined": false
      },
      {
        "text": "Joe",
        "alias": "name",
        "meta": "@sys.any",
        "userDefined": false
      }
    ],
    "isTemplate": false,
    "count": 0,
    "updated": 1509391697
  },
  {
    "id": "5257c64a-42d3-45cb-a535-510faf94c805",
    "data": [
      {
        "text": "My name is ",
        "userDefined": false
      },
      {
        "text": "Joe",
        "alias": "name",
        "meta": "@sys.any",
        "userDefined": false
      }
    ],
    "isTemplate": false,
    "count": 0,
    "updated": 1509391697
  }
]