[
  {
    "id": "32f406ba-a4c2-4b88-afa2-eeca0eabe6cb",
    "data": [
      {
        "text": "begin",
        "userDefined": false
      }
    ],
    "isTemplate": false,
    "count": 0,
    "updated": 1507752674
  },
  {
    "id": "758e4fac-f7ea-4301-8b26-e7c1c393f2bc",
    "data": [
      {
        "text": "lets go",
        "userDefined": false
      }
    ],
    "isTemplate": false,
    "count": 0,
    "updated": 1507752674
  },
  {
    "id": "d102d0d8-8395-4f93-bdf1-902611ff13ae",
    "data": [
      {
        "text": "hello",
        "userDefined": false
      }
    ],
    "isTemplate": false,
    "count": 1,
    "updated": 1508540344
  },
  {
    "id": "aa50ed2f-1cbb-4531-a62d-8a64507f1d65",
    "data": [
      {
        "text": "Hi",
        "userDefined": false
      }
    ],
    "isTemplate": false,
    "count": 0,
    "updated": 1507752674
  },
  {
    "id": "66d4ffd2-0855-490f-a912-6e7dcbaf145a",
    "data": [
      {
        "text": "start",
        "userDefined": false
      }
    ],
    "isTemplate": false,
    "count": 0,
    "updated": 1507752674
  },
  {
    "id": "580b8d93-3492-411f-b8bd-afa372aeee9c",
    "data": [
      {
        "text": "Hello",
        "userDefined": false
      }
    ],
    "isTemplate": false,
    "count": 0,
    "updated": 1507752674
  }
]