[
  {
    "id": "ef663935-2b45-4bbe-aeb4-a2f2537f6e4e",
    "data": [
      {
        "text": "begin",
        "userDefined": false
      }
    ],
    "isTemplate": false,
    "count": 0,
    "updated": 1507752674
  },
  {
    "id": "ec26a183-c595-47fd-9572-6db5232d02da",
    "data": [
      {
        "text": "lets go",
        "userDefined": false
      }
    ],
    "isTemplate": false,
    "count": 0,
    "updated": 1507752674
  },
  {
    "id": "9984d343-b94d-4547-94a5-3e97fbe616f5",
    "data": [
      {
        "text": "hello",
        "userDefined": false
      }
    ],
    "isTemplate": false,
    "count": 1,
    "updated": 1508540344
  },
  {
    "id": "40d2a345-fefc-47f8-aabc-549d137d7cf7",
    "data": [
      {
        "text": "Hi",
        "userDefined": false
      }
    ],
    "isTemplate": false,
    "count": 0,
    "updated": 1507752674
  },
  {
    "id": "968de371-a391-4597-bfdd-96c1efc77ddb",
    "data": [
      {
        "text": "start",
        "userDefined": false
      }
    ],
    "isTemplate": false,
    "count": 0,
    "updated": 1507752674
  },
  {
    "id": "2f5de439-2e0d-4626-8f37-8d03680a3a26",
    "data": [
      {
        "text": "Hello",
        "userDefined": false
      }
    ],
    "isTemplate": false,
    "count": 0,
    "updated": 1507752674
  }
]