[
  {
    "id": "515f94be-fb80-45dc-aa2e-90b0499d97b3",
    "data": [
      {
        "text": "I think so",
        "userDefined": false
      }
    ],
    "isTemplate": false,
    "count": 0,
    "updated": 1509392510
  },
  {
    "id": "e578e279-9180-4152-b53b-47b8dc99f295",
    "data": [
      {
        "text": "I agree",
        "userDefined": false
      }
    ],
    "isTemplate": false,
    "count": 1,
    "updated": 0
  },
  {
    "id": "e965d7ec-3a05-4355-b9d7-24474cf6da0d",
    "data": [
      {
        "text": "yes, I\u0027ve been sued by ",
        "userDefined": false
      },
      {
        "text": "Joe",
        "alias": "name",
        "meta": "@sys.any",
        "userDefined": true
      }
    ],
    "isTemplate": false,
    "count": 0,
    "updated": 1509409950
  },
  {
    "id": "19aa5cb1-7aa4-433a-98a4-10a80cc9bab4",
    "data": [
      {
        "text": "Yes, ",
        "userDefined": false
      },
      {
        "text": "Joe",
        "alias": "name",
        "meta": "@sys.any",
        "userDefined": false
      },
      {
        "text": " sued me",
        "userDefined": false
      }
    ],
    "isTemplate": false,
    "count": 0,
    "updated": 1509409950
  },
  {
    "id": "c3f3fd5d-9336-4e44-a39e-0d79e2d12b79",
    "data": [
      {
        "text": "yes",
        "userDefined": false
      }
    ],
    "isTemplate": false,
    "count": 0,
    "updated": 0
  },
  {
    "id": "3b75e6f9-5b2f-49e0-a9cb-47a5bec774e6",
    "data": [
      {
        "text": "yeah",
        "userDefined": false
      }
    ],
    "isTemplate": false,
    "count": 0,
    "updated": 1509392510
  },
  {
    "id": "f8558998-2698-4a2d-9c04-24917bacc5e9",
    "data": [
      {
        "text": "that\u0027s correct",
        "userDefined": false
      }
    ],
    "isTemplate": false,
    "count": 0,
    "updated": 1509392510
  },
  {
    "id": "9fd43f83-e994-4d40-85d5-174493013ec1",
    "data": [
      {
        "text": "okay",
        "userDefined": false
      }
    ],
    "isTemplate": false,
    "count": 0,
    "updated": 0
  },
  {
    "id": "f47e4b5c-5c50-4191-9a36-b6dcae02e296",
    "data": [
      {
        "text": "ok",
        "userDefined": false
      }
    ],
    "isTemplate": false,
    "count": 0,
    "updated": 0
  },
  {
    "id": "d973a45d-fd54-4159-8a24-1e13478775cd",
    "data": [
      {
        "text": "I\u0027ve been sued",
        "userDefined": false
      }
    ],
    "isTemplate": false,
    "count": 0,
    "updated": 1509392510
  },
  {
    "id": "45d03d4b-a198-4cc6-93c5-d45774836284",
    "data": [
      {
        "text": "I was sued by ",
        "userDefined": false
      },
      {
        "text": "Joe",
        "alias": "name",
        "meta": "@sys.any",
        "userDefined": true
      }
    ],
    "isTemplate": false,
    "count": 0,
    "updated": 1509409950
  },
  {
    "id": "70208bfb-41b0-46a7-808c-7c10b68d49cc",
    "data": [
      {
        "text": "mhmm",
        "userDefined": false
      }
    ],
    "isTemplate": false,
    "count": 0,
    "updated": 1509392510
  },
  {
    "id": "83fae90d-fc6c-43fb-808f-e5e24f00b71b",
    "data": [
      {
        "text": "I\u0027ve been sued by ",
        "userDefined": false
      },
      {
        "text": "Joe",
        "alias": "name",
        "meta": "@sys.any",
        "userDefined": true
      }
    ],
    "isTemplate": false,
    "count": 0,
    "updated": 1509409950
  },
  {
    "id": "9dd1ddff-0fc4-4df4-bd9d-ba5ac26af72f",
    "data": [
      {
        "text": "I have been sued",
        "userDefined": false
      }
    ],
    "isTemplate": false,
    "count": 0,
    "updated": 1509392510
  },
  {
    "id": "43502632-358a-4b84-82c7-5549caab31b1",
    "data": [
      {
        "text": "I have",
        "userDefined": false
      }
    ],
    "isTemplate": false,
    "count": 0,
    "updated": 1509392510
  },
  {
    "id": "89651d93-6998-4068-9e1b-57204bf4d2ae",
    "data": [
      {
        "text": "definitely",
        "userDefined": false
      }
    ],
    "isTemplate": false,
    "count": 0,
    "updated": 1509392510
  },
  {
    "id": "b9c81ece-88fc-4355-a8cd-42e31ff7ebda",
    "data": [
      {
        "text": "yep",
        "userDefined": false
      }
    ],
    "isTemplate": false,
    "count": 0,
    "updated": 1509392510
  },
  {
    "id": "c2e6cafa-7700-4c80-9890-8404c6d2c286",
    "data": [
      {
        "text": "exactly",
        "userDefined": false
      }
    ],
    "isTemplate": false,
    "count": 0,
    "updated": 0
  },
  {
    "id": "41c850d5-1547-4f2a-933d-6c75b0a11172",
    "data": [
      {
        "text": "Yes, I was sued by ",
        "userDefined": false
      },
      {
        "text": "Joe",
        "alias": "name",
        "meta": "@sys.any",
        "userDefined": true
      }
    ],
    "isTemplate": false,
    "count": 0,
    "updated": 1509409950
  },
  {
    "id": "38da786e-fbfd-42e9-abff-9323a00befd6",
    "data": [
      {
        "text": "sure",
        "userDefined": false
      }
    ],
    "isTemplate": false,
    "count": 2,
    "updated": 0
  },
  {
    "id": "b24e808b-45b3-439b-8d31-0f21745d98af",
    "data": [
      {
        "text": "confirm",
        "userDefined": false
      }
    ],
    "isTemplate": false,
    "count": 1,
    "updated": 0
  },
  {
    "id": "7c569e8a-fa34-4d4a-8d03-3a46ebeb6586",
    "data": [
      {
        "text": "of course",
        "userDefined": false
      }
    ],
    "isTemplate": false,
    "count": 1,
    "updated": 0
  }
]