[
  {
    "id": "8f565f04-ed47-45d4-bb15-9cc8b7da30a3",
    "data": [
      {
        "text": "I have not",
        "userDefined": false
      }
    ],
    "isTemplate": false,
    "count": 0,
    "updated": 1509392728
  },
  {
    "id": "c9faf3a6-e6eb-4f27-a70b-d67678009156",
    "data": [
      {
        "text": "I haven\u0027t been sued",
        "userDefined": false
      }
    ],
    "isTemplate": false,
    "count": 0,
    "updated": 1509392728
  },
  {
    "id": "3fd4272a-51e2-4b8f-9694-490895bbd039",
    "data": [
      {
        "text": "I have not been sued",
        "userDefined": false
      }
    ],
    "isTemplate": false,
    "count": 0,
    "updated": 1509392728
  },
  {
    "id": "bae45ea4-39a6-4602-98ce-60cbbc376e3a",
    "data": [
      {
        "text": "negative",
        "userDefined": false
      }
    ],
    "isTemplate": false,
    "count": 0,
    "updated": 1509392728
  },
  {
    "id": "f27d2415-75d8-48ee-9c10-252a0c65ae9f",
    "data": [
      {
        "text": "nope",
        "userDefined": false
      }
    ],
    "isTemplate": false,
    "count": 0,
    "updated": 1509392728
  },
  {
    "id": "de339f73-026d-468b-a760-fd8c40e23abd",
    "data": [
      {
        "text": "I haven\u0027t",
        "userDefined": false
      }
    ],
    "isTemplate": false,
    "count": 0,
    "updated": 1509392728
  },
  {
    "id": "b9bbd5e6-89be-494e-b095-c1dac02251e4",
    "data": [
      {
        "text": "I don\u0027t think so",
        "userDefined": false
      }
    ],
    "isTemplate": false,
    "count": 0,
    "updated": 1509392728
  },
  {
    "id": "d2c123f9-15fb-49a8-a7a3-21c3bb89b850",
    "data": [
      {
        "text": "no",
        "userDefined": false
      }
    ],
    "isTemplate": false,
    "count": 1,
    "updated": 0
  },
  {
    "id": "19066cc8-33b2-4f55-b13b-8ada730d7483",
    "data": [
      {
        "text": "not really",
        "userDefined": false
      }
    ],
    "isTemplate": false,
    "count": 0,
    "updated": 0
  },
  {
    "id": "097f85e1-a96a-4635-bbf9-bb40dae2c5cd",
    "data": [
      {
        "text": "I disagree",
        "userDefined": false
      }
    ],
    "isTemplate": false,
    "count": 2,
    "updated": 0
  },
  {
    "id": "3da7747a-7396-4128-afce-31d3ec054425",
    "data": [
      {
        "text": "definitely not",
        "userDefined": false
      }
    ],
    "isTemplate": false,
    "count": 1,
    "updated": 0
  },
  {
    "id": "0546623c-61f7-49de-b9ad-21a8e80d4283",
    "data": [
      {
        "text": "thanks but no",
        "userDefined": false
      }
    ],
    "isTemplate": false,
    "count": 0,
    "updated": 0
  },
  {
    "id": "862c1c60-54f4-4778-93d0-0905b80c36b8",
    "data": [
      {
        "text": "not interested",
        "userDefined": false
      }
    ],
    "isTemplate": false,
    "count": 0,
    "updated": 0
  }
]