[
  {
    "id": "11d041a5-a8d0-4acb-b9e8-d89a9de31721",
    "data": [
      {
        "text": "I\u0027ve been sued by ",
        "userDefined": false
      },
      {
        "text": "Joe",
        "alias": "name",
        "meta": "@sys.any",
        "userDefined": true
      }
    ],
    "isTemplate": false,
    "count": 0,
    "updated": 1509409950
  },
  {
    "id": "5d9aec09-856f-4219-b4ef-3ae5bc2c3f62",
    "data": [
      {
        "text": "yes, I\u0027ve been sued by ",
        "userDefined": false
      },
      {
        "text": "Joe",
        "alias": "name",
        "meta": "@sys.any",
        "userDefined": true
      }
    ],
    "isTemplate": false,
    "count": 0,
    "updated": 1509409950
  },
  {
    "id": "a26f498c-323f-4787-8e64-6a3bd6e26c94",
    "data": [
      {
        "text": "Yes, ",
        "userDefined": false
      },
      {
        "text": "Joe",
        "alias": "name",
        "meta": "@sys.any",
        "userDefined": false
      },
      {
        "text": " sued me",
        "userDefined": false
      }
    ],
    "isTemplate": false,
    "count": 0,
    "updated": 1509409950
  },
  {
    "id": "b0bfd583-b352-49d4-b7c4-313172010628",
    "data": [
      {
        "text": "Yes, I was sued by ",
        "userDefined": false
      },
      {
        "text": "Joe",
        "alias": "name",
        "meta": "@sys.any",
        "userDefined": true
      }
    ],
    "isTemplate": false,
    "count": 0,
    "updated": 1509409950
  },
  {
    "id": "645c7a69-e419-49af-aa4a-dded6293d765",
    "data": [
      {
        "text": "I was sued by ",
        "userDefined": false
      },
      {
        "text": "Joe",
        "alias": "name",
        "meta": "@sys.any",
        "userDefined": true
      }
    ],
    "isTemplate": false,
    "count": 0,
    "updated": 1509409950
  },
  {
    "id": "3a9cdf26-aed7-4788-935c-8995ad649948",
    "data": [
      {
        "text": "I have been sued",
        "userDefined": false
      }
    ],
    "isTemplate": false,
    "count": 0,
    "updated": 1509392510
  },
  {
    "id": "f32a2f14-c761-4f02-83c4-01912b8eff63",
    "data": [
      {
        "text": "I\u0027ve been sued",
        "userDefined": false
      }
    ],
    "isTemplate": false,
    "count": 0,
    "updated": 1509392510
  },
  {
    "id": "15f70284-7343-4dba-8f4a-386e7c21beaf",
    "data": [
      {
        "text": "I think so",
        "userDefined": false
      }
    ],
    "isTemplate": false,
    "count": 0,
    "updated": 1509392510
  },
  {
    "id": "689f7ca4-1ab6-49e5-bf17-20575691d575",
    "data": [
      {
        "text": "yep",
        "userDefined": false
      }
    ],
    "isTemplate": false,
    "count": 0,
    "updated": 1509392510
  },
  {
    "id": "cf7b69ba-a701-4893-b53e-39a55ab31cb5",
    "data": [
      {
        "text": "mhmm",
        "userDefined": false
      }
    ],
    "isTemplate": false,
    "count": 0,
    "updated": 1509392510
  },
  {
    "id": "4e7d95ab-0b85-4411-9e58-0577826bafdc",
    "data": [
      {
        "text": "definitely",
        "userDefined": false
      }
    ],
    "isTemplate": false,
    "count": 0,
    "updated": 1509392510
  },
  {
    "id": "e008ff7d-dadd-49fa-9e53-e7f18d61bc7a",
    "data": [
      {
        "text": "I agree",
        "userDefined": false
      }
    ],
    "isTemplate": false,
    "count": 1,
    "updated": 0
  },
  {
    "id": "64fe8834-0376-4104-bce3-356c26556e54",
    "data": [
      {
        "text": "yeah",
        "userDefined": false
      }
    ],
    "isTemplate": false,
    "count": 0,
    "updated": 1509392510
  },
  {
    "id": "e5e941a8-99f9-4be2-9bc9-f8ffa447b38d",
    "data": [
      {
        "text": "I have",
        "userDefined": false
      }
    ],
    "isTemplate": false,
    "count": 0,
    "updated": 1509392510
  },
  {
    "id": "db9d2425-1d73-49dc-9689-63d5b051b095",
    "data": [
      {
        "text": "that\u0027s correct",
        "userDefined": false
      }
    ],
    "isTemplate": false,
    "count": 0,
    "updated": 1509392510
  },
  {
    "id": "777c02c0-30fb-42af-8e7f-9c60dae0f51c",
    "data": [
      {
        "text": "ok",
        "userDefined": false
      }
    ],
    "isTemplate": false,
    "count": 0,
    "updated": 0
  },
  {
    "id": "d176b441-7350-4642-b758-ac6348228af4",
    "data": [
      {
        "text": "okay",
        "userDefined": false
      }
    ],
    "isTemplate": false,
    "count": 0,
    "updated": 0
  },
  {
    "id": "e29d369e-d7ba-4454-96b1-ea72cd896329",
    "data": [
      {
        "text": "yes",
        "userDefined": false
      }
    ],
    "isTemplate": false,
    "count": 0,
    "updated": 0
  },
  {
    "id": "7ce31d34-e7c2-45fa-adca-b25ee324e540",
    "data": [
      {
        "text": "sure",
        "userDefined": false
      }
    ],
    "isTemplate": false,
    "count": 2,
    "updated": 0
  },
  {
    "id": "98831a06-2e26-4855-b85b-842ead9d67a9",
    "data": [
      {
        "text": "exactly",
        "userDefined": false
      }
    ],
    "isTemplate": false,
    "count": 0,
    "updated": 0
  },
  {
    "id": "df08d3e7-a79a-401b-b791-5fcbabc27002",
    "data": [
      {
        "text": "confirm",
        "userDefined": false
      }
    ],
    "isTemplate": false,
    "count": 1,
    "updated": 0
  },
  {
    "id": "5aed1ff8-258c-4027-9bd0-aed3c7f82a23",
    "data": [
      {
        "text": "of course",
        "userDefined": false
      }
    ],
    "isTemplate": false,
    "count": 1,
    "updated": 0
  }
]