[
  {
    "id": "5f1e96f1-a79c-4aa0-b9b6-616c4ba3627e",
    "data": [
      {
        "text": "I\u0027ve been sued by ",
        "userDefined": false
      },
      {
        "text": "Joe",
        "alias": "name",
        "meta": "@sys.any",
        "userDefined": true
      }
    ],
    "isTemplate": false,
    "count": 0,
    "updated": 1509409950
  },
  {
    "id": "9c9ed144-a80b-4154-be43-9eab8095eb2d",
    "data": [
      {
        "text": "yes, I\u0027ve been sued by ",
        "userDefined": false
      },
      {
        "text": "Joe",
        "alias": "name",
        "meta": "@sys.any",
        "userDefined": true
      }
    ],
    "isTemplate": false,
    "count": 0,
    "updated": 1509409950
  },
  {
    "id": "91e26dab-c82f-4dd0-98c6-e434b2385cd0",
    "data": [
      {
        "text": "Yes, ",
        "userDefined": false
      },
      {
        "text": "Joe",
        "alias": "name",
        "meta": "@sys.any",
        "userDefined": false
      },
      {
        "text": " sued me",
        "userDefined": false
      }
    ],
    "isTemplate": false,
    "count": 0,
    "updated": 1509409950
  },
  {
    "id": "148c9022-7696-4744-93a4-7ed2d9556943",
    "data": [
      {
        "text": "Yes, I was sued by ",
        "userDefined": false
      },
      {
        "text": "Joe",
        "alias": "name",
        "meta": "@sys.any",
        "userDefined": true
      }
    ],
    "isTemplate": false,
    "count": 0,
    "updated": 1509409950
  },
  {
    "id": "08d61a7c-ec47-441c-b19c-4d861003f2b7",
    "data": [
      {
        "text": "I was sued by ",
        "userDefined": false
      },
      {
        "text": "Joe",
        "alias": "name",
        "meta": "@sys.any",
        "userDefined": true
      }
    ],
    "isTemplate": false,
    "count": 0,
    "updated": 1509409950
  },
  {
    "id": "80f0a109-6de9-4132-8245-3da2eb338419",
    "data": [
      {
        "text": "I have been sued",
        "userDefined": false
      }
    ],
    "isTemplate": false,
    "count": 0,
    "updated": 1509392510
  },
  {
    "id": "e1455f78-dbbe-4a48-8361-68c0515d2213",
    "data": [
      {
        "text": "I\u0027ve been sued",
        "userDefined": false
      }
    ],
    "isTemplate": false,
    "count": 0,
    "updated": 1509392510
  },
  {
    "id": "38a871c9-83db-43c1-a445-c691ff7b3c87",
    "data": [
      {
        "text": "I think so",
        "userDefined": false
      }
    ],
    "isTemplate": false,
    "count": 0,
    "updated": 1509392510
  },
  {
    "id": "514a229f-ef55-493f-8243-7016947e7ba3",
    "data": [
      {
        "text": "yep",
        "userDefined": false
      }
    ],
    "isTemplate": false,
    "count": 0,
    "updated": 1509392510
  },
  {
    "id": "7717aab0-7be3-4c8c-86f1-e3e0c7abd950",
    "data": [
      {
        "text": "mhmm",
        "userDefined": false
      }
    ],
    "isTemplate": false,
    "count": 0,
    "updated": 1509392510
  },
  {
    "id": "32f203c8-4b2a-4d88-8221-467d6d738556",
    "data": [
      {
        "text": "definitely",
        "userDefined": false
      }
    ],
    "isTemplate": false,
    "count": 0,
    "updated": 1509392510
  },
  {
    "id": "b409c7b5-61f0-4da9-bc15-efa753604e16",
    "data": [
      {
        "text": "I agree",
        "userDefined": false
      }
    ],
    "isTemplate": false,
    "count": 1,
    "updated": 0
  },
  {
    "id": "f63d8f43-fa32-4357-8040-28e04a529b88",
    "data": [
      {
        "text": "yeah",
        "userDefined": false
      }
    ],
    "isTemplate": false,
    "count": 0,
    "updated": 1509392510
  },
  {
    "id": "5d6e79d4-742e-4374-a60a-e8d7797534ef",
    "data": [
      {
        "text": "I have",
        "userDefined": false
      }
    ],
    "isTemplate": false,
    "count": 0,
    "updated": 1509392510
  },
  {
    "id": "d70bc08a-ae62-4110-9c62-8b78f9591ca5",
    "data": [
      {
        "text": "that\u0027s correct",
        "userDefined": false
      }
    ],
    "isTemplate": false,
    "count": 0,
    "updated": 1509392510
  },
  {
    "id": "6099f426-93de-41ba-9314-273f08030c5d",
    "data": [
      {
        "text": "ok",
        "userDefined": false
      }
    ],
    "isTemplate": false,
    "count": 0,
    "updated": 0
  },
  {
    "id": "014484ce-462a-4335-9731-f31debb3212d",
    "data": [
      {
        "text": "okay",
        "userDefined": false
      }
    ],
    "isTemplate": false,
    "count": 0,
    "updated": 0
  },
  {
    "id": "76bbef33-2b0a-49c4-82e6-64f4ee184d21",
    "data": [
      {
        "text": "yes",
        "userDefined": false
      }
    ],
    "isTemplate": false,
    "count": 0,
    "updated": 0
  },
  {
    "id": "37fb2e97-9604-48b1-a861-47a9f4240b5d",
    "data": [
      {
        "text": "sure",
        "userDefined": false
      }
    ],
    "isTemplate": false,
    "count": 2,
    "updated": 0
  },
  {
    "id": "1be6ea98-2126-4614-b5a4-44323515ba02",
    "data": [
      {
        "text": "exactly",
        "userDefined": false
      }
    ],
    "isTemplate": false,
    "count": 0,
    "updated": 0
  },
  {
    "id": "21c5d472-5519-45a4-a63e-e90316de56b4",
    "data": [
      {
        "text": "confirm",
        "userDefined": false
      }
    ],
    "isTemplate": false,
    "count": 1,
    "updated": 0
  },
  {
    "id": "a93ab585-07ae-462a-b96e-bfbfc905215a",
    "data": [
      {
        "text": "of course",
        "userDefined": false
      }
    ],
    "isTemplate": false,
    "count": 1,
    "updated": 0
  }
]