[
  {
    "id": "6c6e4772-2fce-4f64-a6d3-b9973eff9316",
    "data": [
      {
        "text": "I have not",
        "userDefined": false
      }
    ],
    "isTemplate": false,
    "count": 0,
    "updated": 1509392728
  },
  {
    "id": "c12aed65-bac2-482e-85e9-14a3b069b21f",
    "data": [
      {
        "text": "I haven\u0027t been sued",
        "userDefined": false
      }
    ],
    "isTemplate": false,
    "count": 0,
    "updated": 1509392728
  },
  {
    "id": "5bbac71c-889e-4603-ae9f-3c825cc42ca3",
    "data": [
      {
        "text": "I have not been sued",
        "userDefined": false
      }
    ],
    "isTemplate": false,
    "count": 0,
    "updated": 1509392728
  },
  {
    "id": "aa3b7964-7e40-44c6-8dec-482872627d56",
    "data": [
      {
        "text": "negative",
        "userDefined": false
      }
    ],
    "isTemplate": false,
    "count": 0,
    "updated": 1509392728
  },
  {
    "id": "8a324375-65c7-4f38-b8c0-d426a4f73202",
    "data": [
      {
        "text": "nope",
        "userDefined": false
      }
    ],
    "isTemplate": false,
    "count": 0,
    "updated": 1509392728
  },
  {
    "id": "c9510d70-0e5a-485a-8862-6934d1620aef",
    "data": [
      {
        "text": "I haven\u0027t",
        "userDefined": false
      }
    ],
    "isTemplate": false,
    "count": 0,
    "updated": 1509392728
  },
  {
    "id": "19544282-2b3f-4400-8242-750cb7da4824",
    "data": [
      {
        "text": "I don\u0027t think so",
        "userDefined": false
      }
    ],
    "isTemplate": false,
    "count": 0,
    "updated": 1509392728
  },
  {
    "id": "bc48d47b-70a2-4757-8fb5-040f03f6f4e8",
    "data": [
      {
        "text": "no",
        "userDefined": false
      }
    ],
    "isTemplate": false,
    "count": 1,
    "updated": 0
  },
  {
    "id": "c66208a2-6205-49b6-b805-90d9bad584f7",
    "data": [
      {
        "text": "not really",
        "userDefined": false
      }
    ],
    "isTemplate": false,
    "count": 0,
    "updated": 0
  },
  {
    "id": "cb1115c2-6b82-441f-a3c8-d34d5b46fb29",
    "data": [
      {
        "text": "I disagree",
        "userDefined": false
      }
    ],
    "isTemplate": false,
    "count": 2,
    "updated": 0
  },
  {
    "id": "77121812-3871-488e-945b-19c3b0f124dc",
    "data": [
      {
        "text": "definitely not",
        "userDefined": false
      }
    ],
    "isTemplate": false,
    "count": 1,
    "updated": 0
  },
  {
    "id": "157be5c4-b058-4416-a87d-00b66384af34",
    "data": [
      {
        "text": "thanks but no",
        "userDefined": false
      }
    ],
    "isTemplate": false,
    "count": 0,
    "updated": 0
  },
  {
    "id": "53da4ef7-a110-4783-ac12-75850a6175b0",
    "data": [
      {
        "text": "not interested",
        "userDefined": false
      }
    ],
    "isTemplate": false,
    "count": 0,
    "updated": 0
  }
]