[
  {
    "id": "6ebc02a8-a71c-4a84-8f15-833fc28935ca",
    "data": [
      {
        "text": "Joe",
        "alias": "name",
        "meta": "@sys.any",
        "userDefined": true
      }
    ],
    "isTemplate": false,
    "count": 0,
    "updated": 1509391697
  },
  {
    "id": "a825bc36-b51c-4502-940e-350128f97595",
    "data": [
      {
        "text": "Hi, I\u0027m ",
        "userDefined": false
      },
      {
        "text": "Joe",
        "alias": "name",
        "meta": "@sys.any",
        "userDefined": false
      }
    ],
    "isTemplate": false,
    "count": 0,
    "updated": 1509391697
  },
  {
    "id": "01a47698-7386-48c3-af97-426cb1a01f79",
    "data": [
      {
        "text": "you can call me ",
        "userDefined": false
      },
      {
        "text": "Joe",
        "alias": "name",
        "meta": "@sys.any",
        "userDefined": false
      }
    ],
    "isTemplate": false,
    "count": 0,
    "updated": 1509391697
  },
  {
    "id": "00c25d0c-1f13-42a2-9965-82344cfb1a5d",
    "data": [
      {
        "text": "My name is ",
        "userDefined": false
      },
      {
        "text": "Joe",
        "alias": "name",
        "meta": "@sys.any",
        "userDefined": false
      }
    ],
    "isTemplate": false,
    "count": 0,
    "updated": 1509391697
  },
  {
    "id": "a1c088b0-97b7-4926-a0c8-00468c5fafe4",
    "data": [
      {
        "text": "Joe",
        "alias": "name",
        "meta": "@sys.any",
        "userDefined": false
      },
      {
        "text": ". What\u0027s yours?",
        "userDefined": false
      }
    ],
    "isTemplate": false,
    "count": 0,
    "updated": 1509391697
  },
  {
    "id": "cc76322a-8862-4577-a04b-b19b58faaf0b",
    "data": [
      {
        "text": "I\u0027m ",
        "userDefined": false
      },
      {
        "text": "Joe",
        "alias": "name",
        "meta": "@sys.any",
        "userDefined": false
      }
    ],
    "isTemplate": false,
    "count": 0,
    "updated": 1509391697
  },
  {
    "id": "5cd634bd-139c-410a-a48a-ac17b09a2086",
    "data": [
      {
        "text": "call me ",
        "userDefined": false
      },
      {
        "text": "Joe",
        "alias": "name",
        "meta": "@sys.any",
        "userDefined": false
      }
    ],
    "isTemplate": false,
    "count": 0,
    "updated": 1509391697
  }
]