[
  {
    "id": "bf2e4536-292d-4715-893c-c5864d837d41",
    "data": [
      {
        "text": "what is ",
        "userDefined": false
      },
      {
        "text": "fair comment",
        "alias": "commentdefence",
        "meta": "@commentdefence",
        "userDefined": false
      }
    ],
    "isTemplate": false,
    "count": 0,
    "updated": 0
  },
  {
    "id": "fcbc4219-dbdf-4824-8671-bdbe81e078e2",
    "data": [
      {
        "text": "explain ",
        "userDefined": false
      },
      {
        "text": "fair comment",
        "alias": "commentdefence",
        "meta": "@commentdefence",
        "userDefined": false
      }
    ],
    "isTemplate": false,
    "count": 0,
    "updated": 0
  },
  {
    "id": "b598803e-b0b3-405d-b6c0-86168f0d4e33",
    "data": [
      {
        "text": "define ",
        "userDefined": false
      },
      {
        "text": "fair comment",
        "alias": "commentdefence",
        "meta": "@commentdefence",
        "userDefined": false
      }
    ],
    "isTemplate": false,
    "count": 0,
    "updated": 0
  },
  {
    "id": "341c4451-190f-4242-853a-0f65c1766a98",
    "data": [
      {
        "text": "what does ",
        "userDefined": false
      },
      {
        "text": "fair comment",
        "alias": "commentdefence",
        "meta": "@commentdefence",
        "userDefined": false
      },
      {
        "text": " mean?",
        "userDefined": false
      }
    ],
    "isTemplate": false,
    "count": 1,
    "updated": 0
  },
  {
    "id": "f0b922e6-625d-4811-b070-15b3477dd4f9",
    "data": [
      {
        "text": "could you define ",
        "userDefined": false
      },
      {
        "text": "fair comment",
        "alias": "commentdefence",
        "meta": "@commentdefence",
        "userDefined": false
      }
    ],
    "isTemplate": false,
    "count": 0,
    "updated": 0
  },
  {
    "id": "5e30a10c-7f61-452b-aee4-95716f546609",
    "data": [
      {
        "text": "what\u0027s ",
        "userDefined": false
      },
      {
        "text": "fair comment",
        "alias": "commentdefence",
        "meta": "@commentdefence",
        "userDefined": false
      }
    ],
    "isTemplate": false,
    "count": 0,
    "updated": 0
  }
]