[
  {
    "id": "966af701-4629-4b99-ad3e-a70c22673a26",
    "data": [
      {
        "text": "what does ",
        "userDefined": false
      },
      {
        "text": "qualified",
        "alias": "qualifieddefense",
        "meta": "@qualifieddefense",
        "userDefined": false
      },
      {
        "text": " mean?",
        "userDefined": false
      }
    ],
    "isTemplate": false,
    "count": 0,
    "updated": 0
  },
  {
    "id": "fe135346-108f-428b-a7ca-1f11716713b8",
    "data": [
      {
        "text": "define ",
        "userDefined": false
      },
      {
        "text": "qualified",
        "alias": "qualifieddefense",
        "meta": "@qualifieddefense",
        "userDefined": false
      }
    ],
    "isTemplate": false,
    "count": 0,
    "updated": 0
  },
  {
    "id": "240d59bd-1001-4689-b496-8eeee696e3f0",
    "data": [
      {
        "text": "what is ",
        "userDefined": false
      },
      {
        "text": "qualified",
        "alias": "qualifieddefense",
        "meta": "@qualifieddefense",
        "userDefined": false
      },
      {
        "text": "?",
        "userDefined": false
      }
    ],
    "isTemplate": false,
    "count": 1,
    "updated": 0
  },
  {
    "id": "32ddf156-fa99-4323-8f82-da60a5470d6d",
    "data": [
      {
        "text": "could you define ",
        "userDefined": false
      },
      {
        "text": "qualified",
        "alias": "qualifieddefense",
        "meta": "@qualifieddefense",
        "userDefined": false
      },
      {
        "text": "?",
        "userDefined": false
      }
    ],
    "isTemplate": false,
    "count": 0,
    "updated": 0
  },
  {
    "id": "e4f77cbd-b7fb-44f3-9487-7a5fca558e96",
    "data": [
      {
        "text": "what\u0027s ",
        "userDefined": false
      },
      {
        "text": "qualified",
        "alias": "qualifieddefense",
        "meta": "@qualifieddefense",
        "userDefined": false
      },
      {
        "text": "?",
        "userDefined": false
      }
    ],
    "isTemplate": false,
    "count": 0,
    "updated": 0
  },
  {
    "id": "a7c3b025-3575-4947-9c36-3b090c100710",
    "data": [
      {
        "text": "explain ",
        "userDefined": false
      },
      {
        "text": "qualified",
        "alias": "qualifieddefense",
        "meta": "@qualifieddefense",
        "userDefined": false
      }
    ],
    "isTemplate": false,
    "count": 0,
    "updated": 0
  }
]