[
  {
    "id": "fd6f423d-60a7-47f6-a7d0-a6b507f6cc26",
    "data": [
      {
        "text": "what does ",
        "userDefined": false
      },
      {
        "text": "fair comment",
        "alias": "commentdefence",
        "meta": "@commentdefence",
        "userDefined": false
      },
      {
        "text": " mean?",
        "userDefined": false
      }
    ],
    "isTemplate": false,
    "count": 1,
    "updated": 0
  },
  {
    "id": "7e24ae29-2988-451f-92ec-884b1cfc5d75",
    "data": [
      {
        "text": "explain ",
        "userDefined": false
      },
      {
        "text": "fair comment",
        "alias": "commentdefence",
        "meta": "@commentdefence",
        "userDefined": false
      }
    ],
    "isTemplate": false,
    "count": 0,
    "updated": 0
  },
  {
    "id": "522c5af2-93db-4eb6-8f69-e9ca5f3a7b90",
    "data": [
      {
        "text": "could you define ",
        "userDefined": false
      },
      {
        "text": "fair comment",
        "alias": "commentdefence",
        "meta": "@commentdefence",
        "userDefined": false
      }
    ],
    "isTemplate": false,
    "count": 0,
    "updated": 0
  },
  {
    "id": "f5b1c242-7491-405f-babe-3dbeecb7a7fa",
    "data": [
      {
        "text": "define ",
        "userDefined": false
      },
      {
        "text": "fair comment",
        "alias": "commentdefence",
        "meta": "@commentdefence",
        "userDefined": false
      }
    ],
    "isTemplate": false,
    "count": 0,
    "updated": 0
  },
  {
    "id": "d8c51b59-1a23-4ba2-9d42-ccd0106081d9",
    "data": [
      {
        "text": "what\u0027s ",
        "userDefined": false
      },
      {
        "text": "fair comment",
        "alias": "commentdefence",
        "meta": "@commentdefence",
        "userDefined": false
      }
    ],
    "isTemplate": false,
    "count": 0,
    "updated": 0
  },
  {
    "id": "c3f83426-0aa3-4b66-9854-5e4fa163379c",
    "data": [
      {
        "text": "what is ",
        "userDefined": false
      },
      {
        "text": "fair comment",
        "alias": "commentdefence",
        "meta": "@commentdefence",
        "userDefined": false
      }
    ],
    "isTemplate": false,
    "count": 0,
    "updated": 0
  },
  {
    "id": "78b9731a-080c-4264-a204-25d46c90acdd",
    "data": [
      {
        "text": "fair comment",
        "alias": "commentdefence",
        "meta": "@commentdefence",
        "userDefined": false
      },
      {
        "text": "?",
        "userDefined": false
      }
    ],
    "isTemplate": false,
    "count": 0,
    "updated": 0
  }
]