[
  {
    "id": "edcf59b2-4faf-4058-bcc6-a227cf859ded",
    "data": [
      {
        "text": "what\u0027s libel?",
        "userDefined": false
      }
    ],
    "isTemplate": false,
    "count": 0,
    "updated": 1507837536
  },
  {
    "id": "d6d23ee5-8857-47c9-9c14-943fd24b1f40",
    "data": [
      {
        "text": "libel",
        "userDefined": false
      }
    ],
    "isTemplate": false,
    "count": 0,
    "updated": 1507837536
  },
  {
    "id": "51d2d395-c5e9-48ca-bbec-a64c9b9b77b8",
    "data": [
      {
        "text": "define libel",
        "userDefined": false
      }
    ],
    "isTemplate": false,
    "count": 0,
    "updated": 1507837536
  },
  {
    "id": "9a406b77-7795-4272-8017-68d6353eb826",
    "data": [
      {
        "text": "could you define libel?",
        "userDefined": false
      }
    ],
    "isTemplate": false,
    "count": 0,
    "updated": 1507837536
  },
  {
    "id": "582704c1-1daf-4024-9d94-8c96f563cf52",
    "data": [
      {
        "text": "what does libel mean?",
        "userDefined": false
      }
    ],
    "isTemplate": false,
    "count": 0,
    "updated": 1507837536
  },
  {
    "id": "271a9af5-3abd-4364-a6e2-854acea1e24e",
    "data": [
      {
        "text": "what is libel",
        "userDefined": false
      }
    ],
    "isTemplate": false,
    "count": 1,
    "updated": 0
  }
]