[
  {
    "id": "2c87b931-ff4f-4c85-9432-7033c66012df",
    "data": [
      {
        "text": "what\u0027s ",
        "userDefined": false
      },
      {
        "text": "defamation",
        "alias": "definition_terms",
        "meta": "@definition_terms",
        "userDefined": false
      },
      {
        "text": "?",
        "userDefined": false
      }
    ],
    "isTemplate": false,
    "count": 0,
    "updated": 1508886994
  },
  {
    "id": "34704fb8-5e6e-4dd6-b155-f1f3804d508b",
    "data": [
      {
        "text": "explain ",
        "userDefined": false
      },
      {
        "text": "surety",
        "alias": "definition_terms",
        "meta": "@definition_terms",
        "userDefined": false
      }
    ],
    "isTemplate": false,
    "count": 0,
    "updated": 0
  },
  {
    "id": "10c1c317-a11d-4acb-9e7e-8af5559e75ca",
    "data": [
      {
        "text": "What\u0027s ",
        "userDefined": false
      },
      {
        "text": "surety",
        "alias": "definition_terms",
        "meta": "@definition_terms",
        "userDefined": false
      }
    ],
    "isTemplate": false,
    "count": 0,
    "updated": 0
  },
  {
    "id": "3651399f-fa7a-4cdd-a099-26454dd7a414",
    "data": [
      {
        "text": "define ",
        "userDefined": false
      },
      {
        "text": "surety",
        "alias": "definition_terms",
        "meta": "@definition_terms",
        "userDefined": false
      }
    ],
    "isTemplate": false,
    "count": 0,
    "updated": 0
  },
  {
    "id": "e30a28fe-9ff2-4238-a2f1-affce3918f8c",
    "data": [
      {
        "text": "what does ",
        "userDefined": false
      },
      {
        "text": "surety",
        "alias": "definition_terms",
        "meta": "@definition_terms",
        "userDefined": false
      },
      {
        "text": " mean?",
        "userDefined": false
      }
    ],
    "isTemplate": false,
    "count": 0,
    "updated": 0
  },
  {
    "id": "bc816928-64aa-4b81-9db3-364fdbcccd2e",
    "data": [
      {
        "text": "What is ",
        "userDefined": false
      },
      {
        "text": "surety",
        "alias": "definition_terms",
        "meta": "@definition_terms",
        "userDefined": false
      }
    ],
    "isTemplate": false,
    "count": 0,
    "updated": 0
  },
  {
    "id": "fd47292d-ddd6-47d5-bb22-3afa262a5101",
    "data": [
      {
        "text": "Could you define ",
        "userDefined": false
      },
      {
        "text": "surety",
        "alias": "definition_terms",
        "meta": "@definition_terms",
        "userDefined": true
      }
    ],
    "isTemplate": false,
    "count": 0,
    "updated": 0
  }
]