[
  {
    "id": "296aa758-c2b8-43dd-92a4-f343a530e4c1",
    "data": [
      {
        "text": "can I claim free speech?",
        "userDefined": false
      }
    ],
    "isTemplate": false,
    "count": 1,
    "updated": 1508780199
  },
  {
    "id": "c5ec9d87-bad5-49e3-af4d-b0ec93bff23c",
    "data": [
      {
        "text": "what about the right to free speech?",
        "userDefined": false
      }
    ],
    "isTemplate": false,
    "count": 0,
    "updated": 0
  },
  {
    "id": "0d58d607-87a7-4f9a-9afc-9491f24d316f",
    "data": [
      {
        "text": "what about free speech?",
        "userDefined": false
      }
    ],
    "isTemplate": false,
    "count": 0,
    "updated": 0
  },
  {
    "id": "2ab90354-6406-439d-9f7f-d34975038583",
    "data": [
      {
        "text": "what about ",
        "userDefined": false
      },
      {
        "text": "freedom",
        "meta": "@sys.ignore",
        "userDefined": false
      },
      {
        "text": " of expression",
        "userDefined": false
      }
    ],
    "isTemplate": false,
    "count": 0,
    "updated": 0
  },
  {
    "id": "658dbb98-c78a-4782-b05d-e3063706f9f4",
    "data": [
      {
        "text": "what about the right to ",
        "userDefined": false
      },
      {
        "text": "freedom",
        "meta": "@sys.ignore",
        "userDefined": false
      },
      {
        "text": " of speech?",
        "userDefined": false
      }
    ],
    "isTemplate": false,
    "count": 0,
    "updated": 0
  },
  {
    "id": "b102ca10-d9d1-41eb-93cb-3e455b38322d",
    "data": [
      {
        "text": "freedom of expression",
        "userDefined": false
      }
    ],
    "isTemplate": false,
    "count": 0,
    "updated": 0
  }
]