[
  {
    "id": "82c16565-fe13-4806-b3e6-b180efc1a079",
    "data": [
      {
        "text": "what does ",
        "userDefined": false
      },
      {
        "text": "qualified",
        "alias": "qualifieddefense",
        "meta": "@qualifieddefense",
        "userDefined": false
      },
      {
        "text": " mean?",
        "userDefined": false
      }
    ],
    "isTemplate": false,
    "count": 0,
    "updated": 0
  },
  {
    "id": "83314fe1-bbd5-4223-896f-81ea8de1d46d",
    "data": [
      {
        "text": "define ",
        "userDefined": false
      },
      {
        "text": "qualified",
        "alias": "qualifieddefense",
        "meta": "@qualifieddefense",
        "userDefined": false
      }
    ],
    "isTemplate": false,
    "count": 0,
    "updated": 0
  },
  {
    "id": "fcf0ffe0-22c4-4333-a8fa-e538a9c63121",
    "data": [
      {
        "text": "what is ",
        "userDefined": false
      },
      {
        "text": "qualified",
        "alias": "qualifieddefense",
        "meta": "@qualifieddefense",
        "userDefined": false
      },
      {
        "text": "?",
        "userDefined": false
      }
    ],
    "isTemplate": false,
    "count": 1,
    "updated": 0
  },
  {
    "id": "aef1440a-7c1e-4318-943f-490fa1704478",
    "data": [
      {
        "text": "could you define ",
        "userDefined": false
      },
      {
        "text": "qualified",
        "alias": "qualifieddefense",
        "meta": "@qualifieddefense",
        "userDefined": false
      },
      {
        "text": "?",
        "userDefined": false
      }
    ],
    "isTemplate": false,
    "count": 0,
    "updated": 0
  },
  {
    "id": "12c79b60-2aea-48d2-834d-e1a07b4625a8",
    "data": [
      {
        "text": "what\u0027s ",
        "userDefined": false
      },
      {
        "text": "qualified",
        "alias": "qualifieddefense",
        "meta": "@qualifieddefense",
        "userDefined": false
      },
      {
        "text": "?",
        "userDefined": false
      }
    ],
    "isTemplate": false,
    "count": 0,
    "updated": 0
  },
  {
    "id": "550f79af-a095-496b-8f4c-20d378aaede2",
    "data": [
      {
        "text": "explain ",
        "userDefined": false
      },
      {
        "text": "qualified",
        "alias": "qualifieddefense",
        "meta": "@qualifieddefense",
        "userDefined": false
      }
    ],
    "isTemplate": false,
    "count": 0,
    "updated": 0
  }
]