[
  {
    "id": "4366044e-521a-4181-a285-8a5e157857ac",
    "data": [
      {
        "text": "defamation?",
        "userDefined": false
      }
    ],
    "isTemplate": false,
    "count": 0,
    "updated": 1507837344
  },
  {
    "id": "0e0276fd-5a43-4309-b563-05709f9c4944",
    "data": [
      {
        "text": "what\u0027s defamation?",
        "userDefined": false
      }
    ],
    "isTemplate": false,
    "count": 0,
    "updated": 1507837344
  },
  {
    "id": "fcd21f7a-2d56-45d9-8453-9a71b194bb9a",
    "data": [
      {
        "text": "define defamation",
        "userDefined": false
      }
    ],
    "isTemplate": false,
    "count": 0,
    "updated": 1507837344
  },
  {
    "id": "f1716074-c8d6-4676-90f6-b1f42f5403d9",
    "data": [
      {
        "text": "could you define defamation",
        "userDefined": false
      }
    ],
    "isTemplate": false,
    "count": 0,
    "updated": 1507837344
  },
  {
    "id": "2bd5045a-7462-48d9-87e7-dc0ec7c1d86d",
    "data": [
      {
        "text": "what does defamation mean",
        "userDefined": false
      }
    ],
    "isTemplate": false,
    "count": 0,
    "updated": 1507837344
  },
  {
    "id": "f30007f3-4a23-4b35-8748-4a6623c3fa4c",
    "data": [
      {
        "text": "what is defamation",
        "userDefined": false
      }
    ],
    "isTemplate": false,
    "count": 0,
    "updated": 1507837344
  }
]