[
  {
    "id": "9db5305f-100c-4a5d-a734-d87a8c4a9965",
    "data": [
      {
        "text": "what is ",
        "userDefined": false
      },
      {
        "text": "absolute privilege",
        "alias": "absolutedefence",
        "meta": "@absolutedefence",
        "userDefined": false
      },
      {
        "text": "?",
        "userDefined": false
      }
    ],
    "isTemplate": false,
    "count": 1,
    "updated": 0
  },
  {
    "id": "622ae2fb-b6fb-4f94-8b6d-556f4a594285",
    "data": [
      {
        "text": "explain ",
        "userDefined": false
      },
      {
        "text": "absolute privilege",
        "alias": "absolutedefence",
        "meta": "@absolutedefence",
        "userDefined": false
      }
    ],
    "isTemplate": false,
    "count": 0,
    "updated": 0
  },
  {
    "id": "dac97454-7ff7-432a-8051-f0ba7f96a24a",
    "data": [
      {
        "text": "could you define ",
        "userDefined": false
      },
      {
        "text": "absolute privilege",
        "alias": "absolutedefence",
        "meta": "@absolutedefence",
        "userDefined": false
      },
      {
        "text": "?",
        "userDefined": false
      }
    ],
    "isTemplate": false,
    "count": 0,
    "updated": 0
  },
  {
    "id": "a03ac227-b101-497d-8b37-ee9f0e6381b0",
    "data": [
      {
        "text": "what does ",
        "userDefined": false
      },
      {
        "text": "absolute privilege",
        "alias": "absolutedefence",
        "meta": "@absolutedefence",
        "userDefined": false
      },
      {
        "text": " mean?",
        "userDefined": false
      }
    ],
    "isTemplate": false,
    "count": 0,
    "updated": 0
  },
  {
    "id": "39302798-cdeb-4c20-a608-c613ad8eeec5",
    "data": [
      {
        "text": "what\u0027s ",
        "userDefined": false
      },
      {
        "text": "absolute privilege",
        "alias": "absolutedefence",
        "meta": "@absolutedefence",
        "userDefined": false
      },
      {
        "text": "?",
        "userDefined": false
      }
    ],
    "isTemplate": false,
    "count": 0,
    "updated": 0
  },
  {
    "id": "0ec95423-caa2-4847-a633-6d9548e4200b",
    "data": [
      {
        "text": "define ",
        "userDefined": false
      },
      {
        "text": "absolute privilege",
        "alias": "absolutedefence",
        "meta": "@absolutedefence",
        "userDefined": false
      }
    ],
    "isTemplate": false,
    "count": 0,
    "updated": 0
  }
]