[
  {
    "id": "afef201e-3ce2-440f-8c2d-83f011f45f6b",
    "data": [
      {
        "text": "what\u0027s ",
        "userDefined": false
      },
      {
        "text": "defamation",
        "alias": "definition_terms",
        "meta": "@definition_terms",
        "userDefined": false
      },
      {
        "text": "?",
        "userDefined": false
      }
    ],
    "isTemplate": false,
    "count": 0,
    "updated": 1508886994
  },
  {
    "id": "d735e66c-02e3-477d-a31d-c694518c4214",
    "data": [
      {
        "text": "explain ",
        "userDefined": false
      },
      {
        "text": "surety",
        "alias": "definition_terms",
        "meta": "@definition_terms",
        "userDefined": false
      }
    ],
    "isTemplate": false,
    "count": 0,
    "updated": 0
  },
  {
    "id": "5b6d202e-3392-4382-b34e-27c610c3131c",
    "data": [
      {
        "text": "what does ",
        "userDefined": false
      },
      {
        "text": "surety",
        "alias": "definition_terms",
        "meta": "@definition_terms",
        "userDefined": false
      },
      {
        "text": " mean?",
        "userDefined": false
      }
    ],
    "isTemplate": false,
    "count": 0,
    "updated": 0
  },
  {
    "id": "f9c0cb02-82e3-456a-955b-094866e43be6",
    "data": [
      {
        "text": "define ",
        "userDefined": false
      },
      {
        "text": "surety",
        "alias": "definition_terms",
        "meta": "@definition_terms",
        "userDefined": false
      }
    ],
    "isTemplate": false,
    "count": 0,
    "updated": 0
  },
  {
    "id": "a3465f64-ea84-4511-9da6-8caa75533bb0",
    "data": [
      {
        "text": "Could you define ",
        "userDefined": false
      },
      {
        "text": "surety",
        "alias": "definition_terms",
        "meta": "@definition_terms",
        "userDefined": true
      }
    ],
    "isTemplate": false,
    "count": 0,
    "updated": 0
  },
  {
    "id": "6d9affac-3c83-444f-9965-710f60934b47",
    "data": [
      {
        "text": "What\u0027s ",
        "userDefined": false
      },
      {
        "text": "surety",
        "alias": "definition_terms",
        "meta": "@definition_terms",
        "userDefined": false
      }
    ],
    "isTemplate": false,
    "count": 0,
    "updated": 0
  },
  {
    "id": "438b6a65-8493-426b-a23f-af28edd3afe6",
    "data": [
      {
        "text": "What is ",
        "userDefined": false
      },
      {
        "text": "surety",
        "alias": "definition_terms",
        "meta": "@definition_terms",
        "userDefined": false
      }
    ],
    "isTemplate": false,
    "count": 0,
    "updated": 0
  }
]