[
  {
    "id": "76b74e87-9cea-4ab4-b634-3533a89c0ade",
    "data": [
      {
        "text": "what is slander?",
        "userDefined": false
      }
    ],
    "isTemplate": false,
    "count": 1,
    "updated": 0
  },
  {
    "id": "3d8c063c-5bbe-41ac-a862-56d43c444330",
    "data": [
      {
        "text": "could you define slander?",
        "userDefined": false
      }
    ],
    "isTemplate": false,
    "count": 0,
    "updated": 0
  },
  {
    "id": "7f5665c7-bd34-4968-bc1d-de4ef22e8e5c",
    "data": [
      {
        "text": "what does slander mean?",
        "userDefined": false
      }
    ],
    "isTemplate": false,
    "count": 0,
    "updated": 0
  },
  {
    "id": "60e631ef-799a-40fd-91f5-8083709e2e8c",
    "data": [
      {
        "text": "define slander",
        "userDefined": false
      }
    ],
    "isTemplate": false,
    "count": 0,
    "updated": 0
  },
  {
    "id": "9e27f50e-8285-4c83-b2d5-c9b1fc0a426c",
    "data": [
      {
        "text": "what\u0027s slander?",
        "userDefined": false
      }
    ],
    "isTemplate": false,
    "count": 0,
    "updated": 0
  },
  {
    "id": "d5f654ef-6514-4b68-a5d0-acadef81a437",
    "data": [
      {
        "text": "slander?",
        "userDefined": false
      }
    ],
    "isTemplate": false,
    "count": 0,
    "updated": 0
  }
]