[
  {
    "id": "0b43122d-44c8-403d-ae5a-e5f672178e04",
    "data": [
      {
        "text": "what is privilege?",
        "userDefined": false
      }
    ],
    "isTemplate": false,
    "count": 1,
    "updated": 0
  },
  {
    "id": "9aa3ee35-1c8f-4659-8981-e67c6f7bee49",
    "data": [
      {
        "text": "what does privilege mean?",
        "userDefined": false
      }
    ],
    "isTemplate": false,
    "count": 0,
    "updated": 0
  },
  {
    "id": "00e7da0b-a883-4cd2-9c49-79a490783f16",
    "data": [
      {
        "text": "explain privilege",
        "userDefined": false
      }
    ],
    "isTemplate": false,
    "count": 0,
    "updated": 0
  },
  {
    "id": "6058c451-8e7c-4e3d-a00a-6f061d3add25",
    "data": [
      {
        "text": "could you define privilege",
        "userDefined": false
      }
    ],
    "isTemplate": false,
    "count": 0,
    "updated": 0
  },
  {
    "id": "16876b8c-3520-4845-a4f9-6c0a6d639515",
    "data": [
      {
        "text": "define privilege",
        "userDefined": false
      }
    ],
    "isTemplate": false,
    "count": 0,
    "updated": 0
  },
  {
    "id": "89b1e5a0-1c35-413c-b757-6864f362d8ee",
    "data": [
      {
        "text": "what\u0027s privilege?",
        "userDefined": false
      }
    ],
    "isTemplate": false,
    "count": 0,
    "updated": 0
  },
  {
    "id": "bb623885-0069-4a06-ad42-0b4e8f333ce9",
    "data": [
      {
        "text": "privilege?",
        "userDefined": false
      }
    ],
    "isTemplate": false,
    "count": 0,
    "updated": 0
  }
]