[
  {
    "id": "f6333a8b-77f1-4979-93d1-76e6b9eaa159",
    "data": [
      {
        "text": "can I claim free speech?",
        "userDefined": false
      }
    ],
    "isTemplate": false,
    "count": 1,
    "updated": 1508780199
  },
  {
    "id": "ac395476-8fc4-44a0-b61e-aaa141ffeacb",
    "data": [
      {
        "text": "what about the right to free speech?",
        "userDefined": false
      }
    ],
    "isTemplate": false,
    "count": 0,
    "updated": 0
  },
  {
    "id": "b94baa63-434d-4781-8232-b8fb95854dc8",
    "data": [
      {
        "text": "what about free speech?",
        "userDefined": false
      }
    ],
    "isTemplate": false,
    "count": 0,
    "updated": 0
  },
  {
    "id": "1dd0059d-43a3-4e9f-9015-516af5683c9a",
    "data": [
      {
        "text": "what about ",
        "userDefined": false
      },
      {
        "text": "freedom",
        "meta": "@sys.ignore",
        "userDefined": false
      },
      {
        "text": " of expression",
        "userDefined": false
      }
    ],
    "isTemplate": false,
    "count": 0,
    "updated": 0
  },
  {
    "id": "c170459c-4866-4375-8283-a8f39d187085",
    "data": [
      {
        "text": "what about the right to ",
        "userDefined": false
      },
      {
        "text": "freedom",
        "meta": "@sys.ignore",
        "userDefined": false
      },
      {
        "text": " of speech?",
        "userDefined": false
      }
    ],
    "isTemplate": false,
    "count": 0,
    "updated": 0
  },
  {
    "id": "7b6710c8-1f18-44d5-bb69-f59439981056",
    "data": [
      {
        "text": "freedom of expression",
        "userDefined": false
      }
    ],
    "isTemplate": false,
    "count": 0,
    "updated": 0
  }
]