[
  {
    "id": "d904136f-7e16-4c72-8e1e-5553a8e4fafe",
    "data": [
      {
        "text": "what is ",
        "userDefined": false
      },
      {
        "text": "responsible communication",
        "alias": "journalistdefence",
        "meta": "@journalistdefence",
        "userDefined": false
      },
      {
        "text": "?",
        "userDefined": false
      }
    ],
    "isTemplate": false,
    "count": 1,
    "updated": 0
  },
  {
    "id": "2a156fa7-85dc-4ca9-9ad2-f54a02f7351c",
    "data": [
      {
        "text": "what does ",
        "userDefined": false
      },
      {
        "text": "responsible communication",
        "alias": "journalistdefence",
        "meta": "@journalistdefence",
        "userDefined": false
      },
      {
        "text": " mean?",
        "userDefined": false
      }
    ],
    "isTemplate": false,
    "count": 0,
    "updated": 0
  },
  {
    "id": "dbc575f5-b280-4cfe-977e-675aa058ca2b",
    "data": [
      {
        "text": "explain ",
        "userDefined": false
      },
      {
        "text": "responsible communication",
        "alias": "journalistdefence",
        "meta": "@journalistdefence",
        "userDefined": false
      }
    ],
    "isTemplate": false,
    "count": 0,
    "updated": 0
  },
  {
    "id": "102e9842-0738-467f-8ace-45444d9ee774",
    "data": [
      {
        "text": "could you define ",
        "userDefined": false
      },
      {
        "text": "responsible communication",
        "alias": "journalistdefence",
        "meta": "@journalistdefence",
        "userDefined": false
      },
      {
        "text": "?",
        "userDefined": false
      }
    ],
    "isTemplate": false,
    "count": 0,
    "updated": 0
  },
  {
    "id": "0bad1f8a-ca69-463c-ab23-cd3231eb22d4",
    "data": [
      {
        "text": "define ",
        "userDefined": false
      },
      {
        "text": "responsible communication",
        "alias": "journalistdefence",
        "meta": "@journalistdefence",
        "userDefined": false
      }
    ],
    "isTemplate": false,
    "count": 0,
    "updated": 0
  },
  {
    "id": "16951aaf-9325-484e-9f73-4baba153abc5",
    "data": [
      {
        "text": "what\u0027s ",
        "userDefined": false
      },
      {
        "text": "responsible communication",
        "alias": "journalistdefence",
        "meta": "@journalistdefence",
        "userDefined": false
      }
    ],
    "isTemplate": false,
    "count": 0,
    "updated": 0
  },
  {
    "id": "6b9d78d5-3100-4b52-a206-0fd3dee92306",
    "data": [
      {
        "text": "responsible communication",
        "alias": "journalistdefence",
        "meta": "@journalistdefence",
        "userDefined": false
      }
    ],
    "isTemplate": false,
    "count": 0,
    "updated": 0
  }
]