[
  {
    "id": "3f7b98f3-83f7-47f8-a6b5-a29ae5d656d8",
    "data": [
      {
        "text": "what does ",
        "userDefined": false
      },
      {
        "text": "responsible communication",
        "alias": "journalistdefence",
        "meta": "@journalistdefence",
        "userDefined": false
      },
      {
        "text": " mean?",
        "userDefined": false
      }
    ],
    "isTemplate": false,
    "count": 0,
    "updated": 0
  },
  {
    "id": "46e4ecd1-4c96-4b78-9086-281ebc87d31c",
    "data": [
      {
        "text": "could you define ",
        "userDefined": false
      },
      {
        "text": "responsible communication",
        "alias": "journalistdefence",
        "meta": "@journalistdefence",
        "userDefined": false
      },
      {
        "text": "?",
        "userDefined": false
      }
    ],
    "isTemplate": false,
    "count": 0,
    "updated": 0
  },
  {
    "id": "5eb3434e-40bf-4531-979b-575a82800fc4",
    "data": [
      {
        "text": "define ",
        "userDefined": false
      },
      {
        "text": "responsible communication",
        "alias": "journalistdefence",
        "meta": "@journalistdefence",
        "userDefined": false
      }
    ],
    "isTemplate": false,
    "count": 0,
    "updated": 0
  },
  {
    "id": "2cda9d41-9667-4a6f-95cc-676ddb422595",
    "data": [
      {
        "text": "what is ",
        "userDefined": false
      },
      {
        "text": "responsible communication",
        "alias": "journalistdefence",
        "meta": "@journalistdefence",
        "userDefined": false
      },
      {
        "text": "?",
        "userDefined": false
      }
    ],
    "isTemplate": false,
    "count": 1,
    "updated": 0
  },
  {
    "id": "ebc58d96-3d17-422e-b244-0f9022230b20",
    "data": [
      {
        "text": "what\u0027s ",
        "userDefined": false
      },
      {
        "text": "responsible communication",
        "alias": "journalistdefence",
        "meta": "@journalistdefence",
        "userDefined": false
      }
    ],
    "isTemplate": false,
    "count": 0,
    "updated": 0
  },
  {
    "id": "74663ddb-d818-4f4d-a7f1-fdcfd08a6026",
    "data": [
      {
        "text": "explain ",
        "userDefined": false
      },
      {
        "text": "responsible communication",
        "alias": "journalistdefence",
        "meta": "@journalistdefence",
        "userDefined": false
      }
    ],
    "isTemplate": false,
    "count": 0,
    "updated": 0
  }
]