[
  {
    "id": "c0258bdf-a57e-44f1-8108-8d1b8380787f",
    "data": [
      {
        "text": "what does ",
        "userDefined": false
      },
      {
        "text": "truth defense",
        "alias": "truthdefence",
        "meta": "@truthdefence",
        "userDefined": false
      },
      {
        "text": " mean?",
        "userDefined": false
      }
    ],
    "isTemplate": false,
    "count": 1,
    "updated": 0
  },
  {
    "id": "075f0220-3816-4350-9b5d-99aab81ef416",
    "data": [
      {
        "text": "what is ",
        "userDefined": false
      },
      {
        "text": "truth defense",
        "alias": "truthdefence",
        "meta": "@truthdefence",
        "userDefined": false
      }
    ],
    "isTemplate": false,
    "count": 0,
    "updated": 0
  },
  {
    "id": "d752f67d-a2c6-4984-b23b-583defae4431",
    "data": [
      {
        "text": "explain ",
        "userDefined": false
      },
      {
        "text": "truth defense",
        "alias": "truthdefence",
        "meta": "@truthdefence",
        "userDefined": false
      }
    ],
    "isTemplate": false,
    "count": 0,
    "updated": 0
  },
  {
    "id": "fdc24354-f9ce-4575-9956-9e7d398a288b",
    "data": [
      {
        "text": "could you define ",
        "userDefined": false
      },
      {
        "text": "truth defense",
        "alias": "truthdefence",
        "meta": "@truthdefence",
        "userDefined": false
      }
    ],
    "isTemplate": false,
    "count": 0,
    "updated": 0
  },
  {
    "id": "75995cd0-c7e4-44fa-8ab5-22fb41b317e0",
    "data": [
      {
        "text": "define ",
        "userDefined": false
      },
      {
        "text": "truth defense",
        "alias": "truthdefence",
        "meta": "@truthdefence",
        "userDefined": false
      }
    ],
    "isTemplate": false,
    "count": 0,
    "updated": 0
  },
  {
    "id": "03497f23-86dc-4395-a40c-de5832bcacf7",
    "data": [
      {
        "text": "what\u0027s ",
        "userDefined": false
      },
      {
        "text": "truth defense",
        "alias": "truthdefence",
        "meta": "@truthdefence",
        "userDefined": false
      },
      {
        "text": "?",
        "userDefined": false
      }
    ],
    "isTemplate": false,
    "count": 0,
    "updated": 0
  },
  {
    "id": "caae43d1-a6ae-489e-8128-17f3b3651558",
    "data": [
      {
        "text": "truth defence",
        "alias": "truthdefence",
        "meta": "@truthdefence",
        "userDefined": false
      },
      {
        "text": "?",
        "userDefined": false
      }
    ],
    "isTemplate": false,
    "count": 0,
    "updated": 0
  }
]