[
  {
    "id": "0f093fb2-65f5-49f5-997e-2679a8952eb1",
    "data": [
      {
        "text": "what is ",
        "userDefined": false
      },
      {
        "text": "absolute privilege",
        "alias": "absolutedefence",
        "meta": "@absolutedefence",
        "userDefined": false
      },
      {
        "text": "?",
        "userDefined": false
      }
    ],
    "isTemplate": false,
    "count": 1,
    "updated": 0
  },
  {
    "id": "e8ef6459-fdc8-43b3-95bb-ecf4bbfe192b",
    "data": [
      {
        "text": "what does ",
        "userDefined": false
      },
      {
        "text": "absolute privilege",
        "alias": "absolutedefence",
        "meta": "@absolutedefence",
        "userDefined": false
      },
      {
        "text": " mean?",
        "userDefined": false
      }
    ],
    "isTemplate": false,
    "count": 0,
    "updated": 0
  },
  {
    "id": "7402f20a-e674-4f32-817f-7fc684f71565",
    "data": [
      {
        "text": "explain ",
        "userDefined": false
      },
      {
        "text": "absolute privilege",
        "alias": "absolutedefence",
        "meta": "@absolutedefence",
        "userDefined": false
      }
    ],
    "isTemplate": false,
    "count": 0,
    "updated": 0
  },
  {
    "id": "99f29d6f-ccfb-4c7c-9c31-b75b84bfca54",
    "data": [
      {
        "text": "could you define ",
        "userDefined": false
      },
      {
        "text": "absolute privilege",
        "alias": "absolutedefence",
        "meta": "@absolutedefence",
        "userDefined": false
      },
      {
        "text": "?",
        "userDefined": false
      }
    ],
    "isTemplate": false,
    "count": 0,
    "updated": 0
  },
  {
    "id": "7b4c32f2-3d48-441b-aede-8667f312db70",
    "data": [
      {
        "text": "define ",
        "userDefined": false
      },
      {
        "text": "absolute privilege",
        "alias": "absolutedefence",
        "meta": "@absolutedefence",
        "userDefined": false
      }
    ],
    "isTemplate": false,
    "count": 0,
    "updated": 0
  },
  {
    "id": "b461e25d-70c8-4d7d-8b5c-caf3ecb7c307",
    "data": [
      {
        "text": "what\u0027s ",
        "userDefined": false
      },
      {
        "text": "absolute privilege",
        "alias": "absolutedefence",
        "meta": "@absolutedefence",
        "userDefined": false
      },
      {
        "text": "?",
        "userDefined": false
      }
    ],
    "isTemplate": false,
    "count": 0,
    "updated": 0
  }
]