[
  {
    "id": "10b3b3a1-b54b-49ef-98b7-21886cb10756",
    "data": [
      {
        "text": "could you define ",
        "userDefined": false
      },
      {
        "text": "truth defense",
        "alias": "truthdefence",
        "meta": "@truthdefence",
        "userDefined": false
      }
    ],
    "isTemplate": false,
    "count": 0,
    "updated": 0
  },
  {
    "id": "bbfba3ed-74ae-4041-8b18-732e8e7ebced",
    "data": [
      {
        "text": "explain ",
        "userDefined": false
      },
      {
        "text": "truth defense",
        "alias": "truthdefence",
        "meta": "@truthdefence",
        "userDefined": false
      }
    ],
    "isTemplate": false,
    "count": 0,
    "updated": 0
  },
  {
    "id": "faa8b58d-a109-4848-87a3-762d034cf955",
    "data": [
      {
        "text": "what\u0027s ",
        "userDefined": false
      },
      {
        "text": "truth defense",
        "alias": "truthdefence",
        "meta": "@truthdefence",
        "userDefined": false
      },
      {
        "text": "?",
        "userDefined": false
      }
    ],
    "isTemplate": false,
    "count": 0,
    "updated": 0
  },
  {
    "id": "8ae0c635-f526-444c-ab76-953f226b1ef4",
    "data": [
      {
        "text": "what is ",
        "userDefined": false
      },
      {
        "text": "truth defense",
        "alias": "truthdefence",
        "meta": "@truthdefence",
        "userDefined": false
      }
    ],
    "isTemplate": false,
    "count": 0,
    "updated": 0
  },
  {
    "id": "8057c509-4900-43e1-9ab6-4fb2609d1d27",
    "data": [
      {
        "text": "define ",
        "userDefined": false
      },
      {
        "text": "truth defense",
        "alias": "truthdefence",
        "meta": "@truthdefence",
        "userDefined": false
      }
    ],
    "isTemplate": false,
    "count": 0,
    "updated": 0
  },
  {
    "id": "be5d0dd0-54ba-4312-8e8f-f83f7aaa700e",
    "data": [
      {
        "text": "what does ",
        "userDefined": false
      },
      {
        "text": "truth defense",
        "alias": "truthdefence",
        "meta": "@truthdefence",
        "userDefined": false
      },
      {
        "text": " mean?",
        "userDefined": false
      }
    ],
    "isTemplate": false,
    "count": 1,
    "updated": 0
  }
]