[
  {
    "id": "b79c59ed-3184-41f2-8153-b14b27b45c5c",
    "data": [
      {
        "text": "issue",
        "alias": "allegation",
        "meta": "@sys.any",
        "userDefined": true
      },
      {
        "text": " in paragraph ",
        "userDefined": false
      },
      {
        "text": "5",
        "alias": "paragraph",
        "meta": "@sys.number",
        "userDefined": false
      }
    ],
    "isTemplate": false,
    "count": 0
  },
  {
    "id": "1fa8b8a8-49e8-4716-9fa8-7669b7b726d2",
    "data": [
      {
        "text": "In paragraph ",
        "userDefined": false
      },
      {
        "text": "5",
        "alias": "paragraph",
        "meta": "@sys.number",
        "userDefined": false
      },
      {
        "text": " they claim I ",
        "userDefined": false
      },
      {
        "text": "said something",
        "alias": "allegation",
        "meta": "@sys.any",
        "userDefined": true
      }
    ],
    "isTemplate": false,
    "count": 0,
    "updated": 1509393853
  },
  {
    "id": "f3090d4b-ba94-4c76-bde8-9cc5aa078d3c",
    "data": [
      {
        "text": "yeah, ",
        "userDefined": false
      },
      {
        "text": "issue 4",
        "alias": "allegation",
        "meta": "@sys.any",
        "userDefined": true
      }
    ],
    "isTemplate": false,
    "count": 0,
    "updated": 1508883078
  },
  {
    "id": "bc541c98-a442-4623-be93-e074f1a6fb2a",
    "data": [
      {
        "text": "they sued me for defamation",
        "userDefined": false
      }
    ],
    "isTemplate": false,
    "count": 0,
    "updated": 1508542283
  },
  {
    "id": "8f5a9afe-0fef-46bf-b5e1-aeef735aef65",
    "data": [
      {
        "text": "I\u0027ve been accused of ",
        "userDefined": false
      },
      {
        "text": "buying something",
        "alias": "allegation",
        "meta": "@sys.any",
        "userDefined": true
      }
    ],
    "isTemplate": false,
    "count": 0,
    "updated": 1508793436
  },
  {
    "id": "3fb3fd27-4843-44a9-bb2d-7080e5aea95e",
    "data": [
      {
        "text": "I was sued for ",
        "userDefined": false
      },
      {
        "text": "something",
        "alias": "allegation",
        "meta": "@sys.any",
        "userDefined": true
      }
    ],
    "isTemplate": false,
    "count": 1,
    "updated": 1508542283
  },
  {
    "id": "8892e875-9e5c-48c8-99af-f0be34153f83",
    "data": [
      {
        "text": "something",
        "alias": "allegation",
        "meta": "@sys.any",
        "userDefined": true
      }
    ],
    "isTemplate": false,
    "count": 0,
    "updated": 0
  },
  {
    "id": "8bccc8e9-c3fb-4510-b552-e3443569374d",
    "data": [
      {
        "text": "because ",
        "userDefined": false
      },
      {
        "text": "something",
        "alias": "allegation",
        "meta": "@sys.any",
        "userDefined": true
      }
    ],
    "isTemplate": false,
    "count": 0,
    "updated": 0
  },
  {
    "id": "b6f5e1a1-dcb6-4845-ae4e-42f0bc7b40e5",
    "data": [
      {
        "text": "I was accused of ",
        "userDefined": false
      },
      {
        "text": "something",
        "alias": "allegation",
        "meta": "@sys.any",
        "userDefined": true
      }
    ],
    "isTemplate": false,
    "count": 0,
    "updated": 1508541433
  },
  {
    "id": "ab9bf483-aab1-4888-99c0-1d4bdd680676",
    "data": [
      {
        "text": "I was sued for defamation",
        "userDefined": false
      }
    ],
    "isTemplate": false,
    "count": 0,
    "updated": 1508542283
  },
  {
    "id": "9fecc853-ebc1-4316-a774-88b314ddc657",
    "data": [
      {
        "text": "They say I ",
        "userDefined": false
      },
      {
        "text": "something",
        "alias": "allegation",
        "meta": "@sys.any",
        "userDefined": true
      }
    ],
    "isTemplate": false,
    "count": 0,
    "updated": 0
  },
  {
    "id": "43b25e2f-9711-4ae2-96aa-fc1ccbb5804c",
    "data": [
      {
        "text": "They said I called them names",
        "userDefined": false
      }
    ],
    "isTemplate": false,
    "count": 0,
    "updated": 1508540344
  },
  {
    "id": "e4846392-f707-4456-93c0-347b95f2de49",
    "data": [
      {
        "text": "I have been accused of ",
        "userDefined": false
      },
      {
        "text": "something",
        "alias": "allegation",
        "meta": "@sys.any",
        "userDefined": true
      }
    ],
    "isTemplate": false,
    "count": 0,
    "updated": 0
  },
  {
    "id": "0b0e9d71-1941-4a68-ad05-1ead4c5d02c1",
    "data": [
      {
        "text": "yes, I was accused of ",
        "userDefined": false
      },
      {
        "text": "something",
        "alias": "allegation",
        "meta": "@sys.any",
        "userDefined": true
      }
    ],
    "isTemplate": false,
    "count": 0,
    "updated": 1508541433
  },
  {
    "id": "233818fe-baba-4f15-aa55-114682020071",
    "data": [
      {
        "text": "yes, I ",
        "userDefined": false
      },
      {
        "text": "frowned",
        "alias": "allegation",
        "meta": "@sys.any",
        "userDefined": false
      }
    ],
    "isTemplate": false,
    "count": 0,
    "updated": 1508540344
  },
  {
    "id": "780a88fc-bb73-439c-92a1-439227b8d7f6",
    "data": [
      {
        "text": "They claim I ",
        "userDefined": false
      },
      {
        "text": "something",
        "alias": "allegation",
        "meta": "@sys.any",
        "userDefined": true
      }
    ],
    "isTemplate": false,
    "count": 0,
    "updated": 0
  },
  {
    "id": "41a2e887-dec6-41d1-9a7c-4337d76ed4e3",
    "data": [
      {
        "text": "I\u0027ve been sued for ",
        "userDefined": false
      },
      {
        "text": "throwing peanuts",
        "alias": "allegation",
        "meta": "@sys.any",
        "userDefined": false
      }
    ],
    "isTemplate": false,
    "count": 0,
    "updated": 1508541299
  },
  {
    "id": "50ddab06-a525-4f86-8292-c5029d50587c",
    "data": [
      {
        "text": "I\u0027m being sued for ",
        "userDefined": false
      },
      {
        "text": "something",
        "alias": "allegation",
        "meta": "@sys.any",
        "userDefined": true
      }
    ],
    "isTemplate": false,
    "count": 0,
    "updated": 0
  },
  {
    "id": "7721efc9-899f-4e10-b7e4-c698ec38007f",
    "data": [
      {
        "text": "Yeah",
        "userDefined": false
      }
    ],
    "isTemplate": false,
    "count": 0,
    "updated": 0
  },
  {
    "id": "fa0d7a66-c263-4eee-a775-33599dd0f516",
    "data": [
      {
        "text": "yes",
        "userDefined": false
      }
    ],
    "isTemplate": false,
    "count": 1,
    "updated": 1508540344
  },
  {
    "id": "c86ce080-ceba-4991-9199-8bac17a9edb2",
    "data": [
      {
        "text": "I have",
        "userDefined": false
      }
    ],
    "isTemplate": false,
    "count": 0,
    "updated": 0
  }
]