[
  {
    "id": "f45337b3-c9f6-4d99-880e-45e208da0b77",
    "data": [
      {
        "text": "In paragraph ",
        "userDefined": false
      },
      {
        "text": "5",
        "alias": "paragraph",
        "meta": "@sys.number",
        "userDefined": false
      },
      {
        "text": " they claim I ",
        "userDefined": false
      },
      {
        "text": "said something",
        "alias": "allegation",
        "meta": "@sys.any",
        "userDefined": true
      }
    ],
    "isTemplate": false,
    "count": 0,
    "updated": 1509393853
  },
  {
    "id": "854eca0f-7665-48dc-bd64-40fc66dd2ce5",
    "data": [
      {
        "text": "yeah, ",
        "userDefined": false
      },
      {
        "text": "issue 4",
        "alias": "allegation",
        "meta": "@sys.any",
        "userDefined": true
      }
    ],
    "isTemplate": false,
    "count": 0,
    "updated": 1508883078
  },
  {
    "id": "2fe369c9-4dc2-4f4b-b517-24a386efd8d6",
    "data": [
      {
        "text": "they sued me for defamation",
        "userDefined": false
      }
    ],
    "isTemplate": false,
    "count": 0,
    "updated": 1508542283
  },
  {
    "id": "1085a26d-787c-4ff5-bc1a-eb72f6b7e462",
    "data": [
      {
        "text": "I\u0027ve been accused of ",
        "userDefined": false
      },
      {
        "text": "buying something",
        "alias": "allegation",
        "meta": "@sys.any",
        "userDefined": true
      }
    ],
    "isTemplate": false,
    "count": 0,
    "updated": 1508793436
  },
  {
    "id": "834ed067-2e15-44b4-9d17-19f1955c0c16",
    "data": [
      {
        "text": "I was sued for ",
        "userDefined": false
      },
      {
        "text": "something",
        "alias": "allegation",
        "meta": "@sys.any",
        "userDefined": true
      }
    ],
    "isTemplate": false,
    "count": 1,
    "updated": 1508542283
  },
  {
    "id": "96cdc9b3-f1bf-4a85-bcfd-e32a8a69b819",
    "data": [
      {
        "text": "something",
        "alias": "allegation",
        "meta": "@sys.any",
        "userDefined": true
      }
    ],
    "isTemplate": false,
    "count": 0,
    "updated": 0
  },
  {
    "id": "9057bc42-3af6-4871-ac31-abdd21b81bf6",
    "data": [
      {
        "text": "because ",
        "userDefined": false
      },
      {
        "text": "something",
        "alias": "allegation",
        "meta": "@sys.any",
        "userDefined": true
      }
    ],
    "isTemplate": false,
    "count": 0,
    "updated": 0
  },
  {
    "id": "671a0cc3-0168-4013-8555-e45917898e79",
    "data": [
      {
        "text": "I was accused of ",
        "userDefined": false
      },
      {
        "text": "something",
        "alias": "allegation",
        "meta": "@sys.any",
        "userDefined": true
      }
    ],
    "isTemplate": false,
    "count": 0,
    "updated": 1508541433
  },
  {
    "id": "dfb2027a-0245-4f2f-9a06-b4bc66cbf712",
    "data": [
      {
        "text": "I was sued for defamation",
        "userDefined": false
      }
    ],
    "isTemplate": false,
    "count": 0,
    "updated": 1508542283
  },
  {
    "id": "96fe9f3b-b580-40ad-99bb-a9758a73b376",
    "data": [
      {
        "text": "They say I ",
        "userDefined": false
      },
      {
        "text": "something",
        "alias": "allegation",
        "meta": "@sys.any",
        "userDefined": true
      }
    ],
    "isTemplate": false,
    "count": 0,
    "updated": 0
  },
  {
    "id": "969841e8-e8d6-4603-bd50-f66146474d0c",
    "data": [
      {
        "text": "They said I called them names",
        "userDefined": false
      }
    ],
    "isTemplate": false,
    "count": 0,
    "updated": 1508540344
  },
  {
    "id": "129b4283-0716-4de7-98b3-dd6c310a886c",
    "data": [
      {
        "text": "I have been accused of ",
        "userDefined": false
      },
      {
        "text": "something",
        "alias": "allegation",
        "meta": "@sys.any",
        "userDefined": true
      }
    ],
    "isTemplate": false,
    "count": 0,
    "updated": 0
  },
  {
    "id": "e45443f2-3a3e-4c57-bc70-ca3ff1cacc82",
    "data": [
      {
        "text": "yes, I was accused of ",
        "userDefined": false
      },
      {
        "text": "something",
        "alias": "allegation",
        "meta": "@sys.any",
        "userDefined": true
      }
    ],
    "isTemplate": false,
    "count": 0,
    "updated": 1508541433
  },
  {
    "id": "459280db-cf5a-455f-b78c-6f59d6171a6d",
    "data": [
      {
        "text": "yes, I ",
        "userDefined": false
      },
      {
        "text": "frowned",
        "alias": "allegation",
        "meta": "@sys.any",
        "userDefined": false
      }
    ],
    "isTemplate": false,
    "count": 0,
    "updated": 1508540344
  },
  {
    "id": "0d8d936c-d3db-40f3-a57f-d27f91c9d84a",
    "data": [
      {
        "text": "They claim I ",
        "userDefined": false
      },
      {
        "text": "something",
        "alias": "allegation",
        "meta": "@sys.any",
        "userDefined": true
      }
    ],
    "isTemplate": false,
    "count": 0,
    "updated": 0
  },
  {
    "id": "0218a592-18b8-4ba7-9adc-3005e3fe95b3",
    "data": [
      {
        "text": "I\u0027ve been sued for ",
        "userDefined": false
      },
      {
        "text": "throwing peanuts",
        "alias": "allegation",
        "meta": "@sys.any",
        "userDefined": false
      }
    ],
    "isTemplate": false,
    "count": 0,
    "updated": 1508541299
  },
  {
    "id": "9d060ecb-d5a1-40c9-97b6-a0f0fdae49a8",
    "data": [
      {
        "text": "I\u0027m being sued for ",
        "userDefined": false
      },
      {
        "text": "something",
        "alias": "allegation",
        "meta": "@sys.any",
        "userDefined": true
      }
    ],
    "isTemplate": false,
    "count": 0,
    "updated": 0
  },
  {
    "id": "f48ced54-3305-4050-ad5a-6744f6a2ff6e",
    "data": [
      {
        "text": "Yeah",
        "userDefined": false
      }
    ],
    "isTemplate": false,
    "count": 0,
    "updated": 0
  },
  {
    "id": "8e4f3c53-01c4-4c73-ab67-18c800a137d7",
    "data": [
      {
        "text": "yes",
        "userDefined": false
      }
    ],
    "isTemplate": false,
    "count": 1,
    "updated": 1508540344
  },
  {
    "id": "8830214a-bc6e-4836-81f7-d44f1f8fbf9f",
    "data": [
      {
        "text": "I have",
        "userDefined": false
      }
    ],
    "isTemplate": false,
    "count": 0,
    "updated": 0
  }
]