[
  {
    "id": "8ddb0fbf-46e1-41e6-8da0-1dd76770fd44",
    "data": [
      {
        "text": "I\u0027ve been accused of buying ",
        "userDefined": false
      },
      {
        "text": "something",
        "alias": "reason",
        "meta": "@sys.any",
        "userDefined": true
      }
    ],
    "isTemplate": false,
    "count": 0,
    "updated": 1508190323
  },
  {
    "id": "84ba3870-1022-4b98-9483-d739ed34ae62",
    "data": [
      {
        "text": "something",
        "alias": "reason",
        "meta": "@sys.any",
        "userDefined": true
      }
    ],
    "isTemplate": false,
    "count": 0,
    "updated": 0
  },
  {
    "id": "952d2c2f-7c96-4fbd-a982-504af61f179f",
    "data": [
      {
        "text": "because ",
        "userDefined": false
      },
      {
        "text": "something",
        "alias": "reason",
        "meta": "@sys.any",
        "userDefined": true
      }
    ],
    "isTemplate": false,
    "count": 0,
    "updated": 0
  },
  {
    "id": "a2f4c50b-4c09-4905-8c28-8f3199dc3cbd",
    "data": [
      {
        "text": "I\u0027m being sued for ",
        "userDefined": false
      },
      {
        "text": "something",
        "alias": "reason",
        "meta": "@sys.any",
        "userDefined": true
      }
    ],
    "isTemplate": false,
    "count": 0,
    "updated": 0
  },
  {
    "id": "38b91135-3b95-4843-b398-ab3930f59637",
    "data": [
      {
        "text": "They claim I ",
        "userDefined": false
      },
      {
        "text": "something",
        "alias": "reason",
        "meta": "@sys.any",
        "userDefined": true
      }
    ],
    "isTemplate": false,
    "count": 0,
    "updated": 0
  },
  {
    "id": "1a878b10-07bd-4a8a-aa17-d94792e925db",
    "data": [
      {
        "text": "They say I ",
        "userDefined": false
      },
      {
        "text": "something",
        "alias": "reason",
        "meta": "@sys.any",
        "userDefined": true
      }
    ],
    "isTemplate": false,
    "count": 0,
    "updated": 0
  },
  {
    "id": "59138b45-1a3f-49dd-837f-75ff64e6a94a",
    "data": [
      {
        "text": "Yeah",
        "userDefined": false
      }
    ],
    "isTemplate": false,
    "count": 0,
    "updated": 0
  },
  {
    "id": "77ca13c3-2913-4f55-840a-8fd9136825f8",
    "data": [
      {
        "text": "I have",
        "userDefined": false
      }
    ],
    "isTemplate": false,
    "count": 0,
    "updated": 0
  },
  {
    "id": "ec8632cd-226a-4338-b05a-333137c13597",
    "data": [
      {
        "text": "yes",
        "userDefined": false
      }
    ],
    "isTemplate": false,
    "count": 0,
    "updated": 0
  },
  {
    "id": "170ff79e-02ef-4c65-a2bf-2e8cb04144e8",
    "data": [
      {
        "text": "I have been accused of ",
        "userDefined": false
      },
      {
        "text": "something",
        "alias": "reason",
        "meta": "@sys.any",
        "userDefined": true
      }
    ],
    "isTemplate": false,
    "count": 0,
    "updated": 0
  }
]