[
  {
    "id": "95f10d1a-bff7-4142-86ab-190700f7adb6",
    "data": [
      {
        "text": "In paragraph ",
        "userDefined": false
      },
      {
        "text": "5",
        "alias": "paragraph",
        "meta": "@sys.number",
        "userDefined": false
      },
      {
        "text": " they claim I ",
        "userDefined": false
      },
      {
        "text": "said something",
        "alias": "reason",
        "meta": "@sys.any",
        "userDefined": true
      }
    ],
    "isTemplate": false,
    "count": 0,
    "updated": 1509393853
  },
  {
    "id": "9680d5de-8449-4261-b997-abd4f79a1844",
    "data": [
      {
        "text": "yeah, ",
        "userDefined": false
      },
      {
        "text": "issue 4",
        "alias": "reason",
        "meta": "@sys.any",
        "userDefined": true
      }
    ],
    "isTemplate": false,
    "count": 0,
    "updated": 1508883078
  },
  {
    "id": "ce90cd26-d85d-47ab-8714-0ce27657e0d4",
    "data": [
      {
        "text": "they sued me for defamation",
        "userDefined": false
      }
    ],
    "isTemplate": false,
    "count": 0,
    "updated": 1508542283
  },
  {
    "id": "8ddb0fbf-46e1-41e6-8da0-1dd76770fd44",
    "data": [
      {
        "text": "I\u0027ve been accused of ",
        "userDefined": false
      },
      {
        "text": "buying something",
        "alias": "reason",
        "meta": "@sys.any",
        "userDefined": true
      }
    ],
    "isTemplate": false,
    "count": 0,
    "updated": 1508793436
  },
  {
    "id": "a3abd676-2eb8-4098-9819-7ea032264cdd",
    "data": [
      {
        "text": "I was sued for ",
        "userDefined": false
      },
      {
        "text": "something",
        "alias": "reason",
        "meta": "@sys.any",
        "userDefined": true
      }
    ],
    "isTemplate": false,
    "count": 1,
    "updated": 1508542283
  },
  {
    "id": "84ba3870-1022-4b98-9483-d739ed34ae62",
    "data": [
      {
        "text": "something",
        "alias": "reason",
        "meta": "@sys.any",
        "userDefined": true
      }
    ],
    "isTemplate": false,
    "count": 0,
    "updated": 0
  },
  {
    "id": "952d2c2f-7c96-4fbd-a982-504af61f179f",
    "data": [
      {
        "text": "because ",
        "userDefined": false
      },
      {
        "text": "something",
        "alias": "reason",
        "meta": "@sys.any",
        "userDefined": true
      }
    ],
    "isTemplate": false,
    "count": 0,
    "updated": 0
  },
  {
    "id": "88ffbf8d-90fe-4729-b0b9-809bfc698b84",
    "data": [
      {
        "text": "I was accused of ",
        "userDefined": false
      },
      {
        "text": "something",
        "alias": "reason",
        "meta": "@sys.any",
        "userDefined": true
      }
    ],
    "isTemplate": false,
    "count": 0,
    "updated": 1508541433
  },
  {
    "id": "2224d587-d35a-452a-8823-09ae9ed510d2",
    "data": [
      {
        "text": "I was sued for defamation",
        "userDefined": false
      }
    ],
    "isTemplate": false,
    "count": 0,
    "updated": 1508542283
  },
  {
    "id": "1a878b10-07bd-4a8a-aa17-d94792e925db",
    "data": [
      {
        "text": "They say I ",
        "userDefined": false
      },
      {
        "text": "something",
        "alias": "reason",
        "meta": "@sys.any",
        "userDefined": true
      }
    ],
    "isTemplate": false,
    "count": 0,
    "updated": 0
  },
  {
    "id": "61bc9568-47bc-486c-9eb1-7ef05842e01d",
    "data": [
      {
        "text": "They said I called them names",
        "userDefined": false
      }
    ],
    "isTemplate": false,
    "count": 0,
    "updated": 1508540344
  },
  {
    "id": "170ff79e-02ef-4c65-a2bf-2e8cb04144e8",
    "data": [
      {
        "text": "I have been accused of ",
        "userDefined": false
      },
      {
        "text": "something",
        "alias": "reason",
        "meta": "@sys.any",
        "userDefined": true
      }
    ],
    "isTemplate": false,
    "count": 0,
    "updated": 0
  },
  {
    "id": "4a047c7e-e6d3-4a4a-9091-4b6087bd0a64",
    "data": [
      {
        "text": "yes, I was accused of ",
        "userDefined": false
      },
      {
        "text": "something",
        "alias": "reason",
        "meta": "@sys.any",
        "userDefined": true
      }
    ],
    "isTemplate": false,
    "count": 0,
    "updated": 1508541433
  },
  {
    "id": "d07a7555-a17f-4df1-9bfa-34a4c8f18797",
    "data": [
      {
        "text": "yes, I ",
        "userDefined": false
      },
      {
        "text": "frowned",
        "alias": "reason",
        "meta": "@sys.any",
        "userDefined": false
      }
    ],
    "isTemplate": false,
    "count": 0,
    "updated": 1508540344
  },
  {
    "id": "38b91135-3b95-4843-b398-ab3930f59637",
    "data": [
      {
        "text": "They claim I ",
        "userDefined": false
      },
      {
        "text": "something",
        "alias": "reason",
        "meta": "@sys.any",
        "userDefined": true
      }
    ],
    "isTemplate": false,
    "count": 0,
    "updated": 0
  },
  {
    "id": "92e16e44-33d1-4c07-a416-13895b3a1592",
    "data": [
      {
        "text": "I\u0027ve been sued for ",
        "userDefined": false
      },
      {
        "text": "throwing peanuts",
        "alias": "reason",
        "meta": "@sys.any",
        "userDefined": false
      }
    ],
    "isTemplate": false,
    "count": 0,
    "updated": 1508541299
  },
  {
    "id": "a2f4c50b-4c09-4905-8c28-8f3199dc3cbd",
    "data": [
      {
        "text": "I\u0027m being sued for ",
        "userDefined": false
      },
      {
        "text": "something",
        "alias": "reason",
        "meta": "@sys.any",
        "userDefined": true
      }
    ],
    "isTemplate": false,
    "count": 0,
    "updated": 0
  },
  {
    "id": "59138b45-1a3f-49dd-837f-75ff64e6a94a",
    "data": [
      {
        "text": "Yeah",
        "userDefined": false
      }
    ],
    "isTemplate": false,
    "count": 0,
    "updated": 0
  },
  {
    "id": "8d388116-7493-4902-bce0-75c65590b9c5",
    "data": [
      {
        "text": "yes",
        "userDefined": false
      }
    ],
    "isTemplate": false,
    "count": 1,
    "updated": 1508540344
  },
  {
    "id": "77ca13c3-2913-4f55-840a-8fd9136825f8",
    "data": [
      {
        "text": "I have",
        "userDefined": false
      }
    ],
    "isTemplate": false,
    "count": 0,
    "updated": 0
  }
]