[
  {
    "id": "47760aca-7177-469e-af1d-9310722959f6",
    "data": [
      {
        "text": "summary",
        "userDefined": false
      }
    ],
    "isTemplate": false,
    "count": 0,
    "updated": 1508537049
  },
  {
    "id": "d9b9610a-1c1d-4bec-9393-2abdcf587878",
    "data": [
      {
        "text": "Summarise",
        "userDefined": false
      }
    ],
    "isTemplate": false,
    "count": 0,
    "updated": 0
  },
  {
    "id": "a80c2f70-c438-43d2-8e50-5ffe64285fc8",
    "data": [
      {
        "text": "report",
        "userDefined": false
      }
    ],
    "isTemplate": false,
    "count": 1,
    "updated": 0
  }
]