[
  {
    "id": "43caaceb-f479-49e6-b58f-c4a771322ed0",
    "data": [
      {
        "text": "summary",
        "userDefined": false
      }
    ],
    "isTemplate": false,
    "count": 0,
    "updated": 1508537049
  },
  {
    "id": "c5faca85-3a11-470b-bd9c-83f4bbdfe2ea",
    "data": [
      {
        "text": "report",
        "userDefined": false
      }
    ],
    "isTemplate": false,
    "count": 1,
    "updated": 0
  },
  {
    "id": "f835e3b7-f78c-4175-acc2-e88981a15a20",
    "data": [
      {
        "text": "Summarise",
        "userDefined": false
      }
    ],
    "isTemplate": false,
    "count": 0,
    "updated": 0
  }
]