[
  {
    "id": "b07e59e1-8b62-407b-871a-1d99084cd8c7",
    "data": [
      {
        "text": "start again",
        "userDefined": false
      }
    ],
    "isTemplate": false,
    "count": 0
  },
  {
    "id": "7c28b32a-1010-4678-8f5c-bf1b3e2bcbfc",
    "data": [
      {
        "text": "I want to start again",
        "userDefined": false
      }
    ],
    "isTemplate": false,
    "count": 0
  },
  {
    "id": "cd2b2f3a-d90b-4bd0-bd9e-187f96613a87",
    "data": [
      {
        "text": "lets restart",
        "userDefined": false
      }
    ],
    "isTemplate": false,
    "count": 0
  },
  {
    "id": "9157f753-2255-4046-94f5-d66600078b3b",
    "data": [
      {
        "text": "can I restart",
        "userDefined": false
      }
    ],
    "isTemplate": false,
    "count": 0
  },
  {
    "id": "c12358c9-b75c-495b-bc3e-3783f81dceab",
    "data": [
      {
        "text": "I want to restart",
        "userDefined": false
      }
    ],
    "isTemplate": false,
    "count": 0
  },
  {
    "id": "66d178e7-1729-4b2e-ad52-1a68e8e168ce",
    "data": [
      {
        "text": "reset",
        "userDefined": false
      }
    ],
    "isTemplate": false,
    "count": 1,
    "updated": 1508778950
  },
  {
    "id": "9a6631c8-4863-4b78-837f-07702e5f4061",
    "data": [
      {
        "text": "stop this",
        "userDefined": false
      }
    ],
    "isTemplate": false,
    "count": 0,
    "updated": 0
  },
  {
    "id": "93baea7c-5460-47f8-82a2-ae2019fd415d",
    "data": [
      {
        "text": "I want to stop",
        "userDefined": false
      }
    ],
    "isTemplate": false,
    "count": 0,
    "updated": 0
  },
  {
    "id": "21816436-6e9c-4dd6-882e-c81cc2ac3165",
    "data": [
      {
        "text": "restart",
        "userDefined": false
      }
    ],
    "isTemplate": false,
    "count": 1,
    "updated": 1508534965
  },
  {
    "id": "06650b8b-e3c7-49c2-b6fa-76d0d6ddd20d",
    "data": [
      {
        "text": "cancel",
        "userDefined": false
      }
    ],
    "isTemplate": false,
    "count": 0,
    "updated": 0
  },
  {
    "id": "0d61f7f8-a13f-4013-95f7-1993626aa881",
    "data": [
      {
        "text": "abort",
        "userDefined": false
      }
    ],
    "isTemplate": false,
    "count": 0,
    "updated": 0
  },
  {
    "id": "e3e651bc-1387-47ff-94ce-94884eaccec6",
    "data": [
      {
        "text": "I quit",
        "userDefined": false
      }
    ],
    "isTemplate": false,
    "count": 0,
    "updated": 0
  },
  {
    "id": "9aa69160-9f49-470b-bd0d-c3a2f5a85e04",
    "data": [
      {
        "text": "exit",
        "userDefined": false
      }
    ],
    "isTemplate": false,
    "count": 0,
    "updated": 0
  }
]