[
  {
    "id": "2e927596-367f-49d0-abde-261a53597715",
    "data": [
      {
        "text": "I quit",
        "userDefined": false
      }
    ],
    "isTemplate": false,
    "count": 0,
    "updated": 0
  },
  {
    "id": "dce65eb6-8e58-4b0b-80e2-bb296954b002",
    "data": [
      {
        "text": "lets restart",
        "userDefined": false
      }
    ],
    "isTemplate": false,
    "count": 0
  },
  {
    "id": "a4f02360-313a-404c-a54e-07721035ab79",
    "data": [
      {
        "text": "abort",
        "userDefined": false
      }
    ],
    "isTemplate": false,
    "count": 0,
    "updated": 0
  },
  {
    "id": "84eab791-0ba1-431b-802d-cf58db763190",
    "data": [
      {
        "text": "I want to start again",
        "userDefined": false
      }
    ],
    "isTemplate": false,
    "count": 0
  },
  {
    "id": "89ddb990-dcb3-433c-a75d-7c0f2a756ce2",
    "data": [
      {
        "text": "reset",
        "userDefined": false
      }
    ],
    "isTemplate": false,
    "count": 1,
    "updated": 1508778950
  },
  {
    "id": "07f70e74-2c78-4622-bc96-b6254a0df003",
    "data": [
      {
        "text": "start again",
        "userDefined": false
      }
    ],
    "isTemplate": false,
    "count": 0
  },
  {
    "id": "d2ee8a7e-de7c-44fd-a074-115cb08e6b64",
    "data": [
      {
        "text": "I want to stop",
        "userDefined": false
      }
    ],
    "isTemplate": false,
    "count": 0,
    "updated": 0
  },
  {
    "id": "cd1db002-e91d-42f0-bb4f-ea1e2ddc38fc",
    "data": [
      {
        "text": "exit",
        "userDefined": false
      }
    ],
    "isTemplate": false,
    "count": 0,
    "updated": 0
  },
  {
    "id": "6ea697a8-8373-4e97-9ac9-e225f96acc41",
    "data": [
      {
        "text": "restart",
        "userDefined": false
      }
    ],
    "isTemplate": false,
    "count": 1,
    "updated": 1508534965
  },
  {
    "id": "2deb83c8-baf4-4e9b-8092-0cc1395e3872",
    "data": [
      {
        "text": "I want to restart",
        "userDefined": false
      }
    ],
    "isTemplate": false,
    "count": 0
  },
  {
    "id": "6b0001ed-3bac-4333-8510-8a8359a907b6",
    "data": [
      {
        "text": "can I restart",
        "userDefined": false
      }
    ],
    "isTemplate": false,
    "count": 0
  },
  {
    "id": "5db7c5d3-ace4-494d-8431-91dd4629c58e",
    "data": [
      {
        "text": "cancel",
        "userDefined": false
      }
    ],
    "isTemplate": false,
    "count": 0,
    "updated": 0
  },
  {
    "id": "ffd70c10-6cb6-4331-a773-474e53083437",
    "data": [
      {
        "text": "stop this",
        "userDefined": false
      }
    ],
    "isTemplate": false,
    "count": 0,
    "updated": 0
  }
]