[
  {
    "id": "c6d3954e-4915-44a4-8e54-9ed1f5f86d13",
    "data": [
      {
        "text": "reset",
        "userDefined": false
      }
    ],
    "isTemplate": false,
    "count": 1,
    "updated": 1508778950
  },
  {
    "id": "d431d2c5-8607-4c6f-9704-e7c1d1198bf1",
    "data": [
      {
        "text": "stop this",
        "userDefined": false
      }
    ],
    "isTemplate": false,
    "count": 0,
    "updated": 0
  },
  {
    "id": "40e3dd9b-9ea1-420e-9c6b-aa9dfc684bf1",
    "data": [
      {
        "text": "I want to stop",
        "userDefined": false
      }
    ],
    "isTemplate": false,
    "count": 0,
    "updated": 0
  },
  {
    "id": "e09eab75-d438-431c-b4a1-f37a115346dc",
    "data": [
      {
        "text": "restart",
        "userDefined": false
      }
    ],
    "isTemplate": false,
    "count": 1,
    "updated": 1508534965
  },
  {
    "id": "c30a42fc-15d0-468b-ae06-65cb2c007803",
    "data": [
      {
        "text": "cancel",
        "userDefined": false
      }
    ],
    "isTemplate": false,
    "count": 0,
    "updated": 0
  },
  {
    "id": "821514f0-01de-463b-93d8-5b29fc1e2d22",
    "data": [
      {
        "text": "abort",
        "userDefined": false
      }
    ],
    "isTemplate": false,
    "count": 0,
    "updated": 0
  },
  {
    "id": "3f916ce9-7065-4590-a89a-172235d6bc60",
    "data": [
      {
        "text": "I quit",
        "userDefined": false
      }
    ],
    "isTemplate": false,
    "count": 0,
    "updated": 0
  },
  {
    "id": "74434669-d85b-41ac-b60f-37ad8645a2c5",
    "data": [
      {
        "text": "exit",
        "userDefined": false
      }
    ],
    "isTemplate": false,
    "count": 0,
    "updated": 0
  }
]