[
  {
    "id": "2c5b33f9-874d-490f-8011-00de23b30c25",
    "data": [
      {
        "text": "start again",
        "userDefined": false
      }
    ],
    "isTemplate": false,
    "count": 0
  },
  {
    "id": "8fe48c51-6f23-4ea2-bcc4-725874ae75f1",
    "data": [
      {
        "text": "I want to start again",
        "userDefined": false
      }
    ],
    "isTemplate": false,
    "count": 0
  },
  {
    "id": "5324ddbf-1de1-4ac0-a2da-d98d0383fe1c",
    "data": [
      {
        "text": "lets restart",
        "userDefined": false
      }
    ],
    "isTemplate": false,
    "count": 0
  },
  {
    "id": "67737c4d-20e1-4d2e-a3f6-eddd9b5ec75e",
    "data": [
      {
        "text": "can I restart",
        "userDefined": false
      }
    ],
    "isTemplate": false,
    "count": 0
  },
  {
    "id": "09ba24b9-3149-42ca-8f35-eaf4f7b10a22",
    "data": [
      {
        "text": "I want to restart",
        "userDefined": false
      }
    ],
    "isTemplate": false,
    "count": 0
  },
  {
    "id": "2964dace-b57c-470e-8752-158cacbbd550",
    "data": [
      {
        "text": "reset",
        "userDefined": false
      }
    ],
    "isTemplate": false,
    "count": 1,
    "updated": 1508778950
  },
  {
    "id": "9f41378e-7e19-496a-b1dd-f1d22093d70f",
    "data": [
      {
        "text": "stop this",
        "userDefined": false
      }
    ],
    "isTemplate": false,
    "count": 0,
    "updated": 0
  },
  {
    "id": "9b4d9947-b33d-46b8-83b4-0868a2e2c273",
    "data": [
      {
        "text": "I want to stop",
        "userDefined": false
      }
    ],
    "isTemplate": false,
    "count": 0,
    "updated": 0
  },
  {
    "id": "c26281a6-7ba2-41d2-ae6f-7e002b20c1d4",
    "data": [
      {
        "text": "restart",
        "userDefined": false
      }
    ],
    "isTemplate": false,
    "count": 1,
    "updated": 1508534965
  },
  {
    "id": "a87c9675-54bf-459c-92f0-cdd5671be8b8",
    "data": [
      {
        "text": "cancel",
        "userDefined": false
      }
    ],
    "isTemplate": false,
    "count": 0,
    "updated": 0
  },
  {
    "id": "93b580c2-7f4c-478f-8b1f-69878b7f5435",
    "data": [
      {
        "text": "abort",
        "userDefined": false
      }
    ],
    "isTemplate": false,
    "count": 0,
    "updated": 0
  },
  {
    "id": "f211b66f-fd3b-4f53-8189-014c619c13cc",
    "data": [
      {
        "text": "I quit",
        "userDefined": false
      }
    ],
    "isTemplate": false,
    "count": 0,
    "updated": 0
  },
  {
    "id": "7c4affe5-927c-4e6b-b87b-21102b4c819b",
    "data": [
      {
        "text": "exit",
        "userDefined": false
      }
    ],
    "isTemplate": false,
    "count": 0,
    "updated": 0
  }
]